OBJECTID,Shape_Leng,DISTRICT,STATE_UT,Shape_Area,Dist_LGD,REMARKS,STATE_LGD,system:index
272,0.0,,,5857634.41327,,DISPUTED (JHARKHAND & BIHAR),0,0000000000000000010d
0,0.0,,,940735.126369,,DISPUTED (RAJSTHAN & GUJRAT),0,0000000000000000039c
0,0.0,,,428266.589617,,DISPUTED (RAJSTHAN & GUJRAT),0,0000000000000000039d
0,0.0,,,270686.627578,,DISPUTED (RAJSTHAN & GUJRAT),0,0000000000000000039e
0,0.0,,,179270.430718,,DISPUTED (RAJSTHAN & GUJRAT),0,0000000000000000039f
0,0.0,,,13849.448731,,DISPUTED (RAJSTHAN & GUJRAT),0,000000000000000003a0
0,0.0,,,937780.705794,,DISPUTED (RAJSTHAN & GUJRAT),0,000000000000000003a1
0,0.0,,,1080926.91437,,DISPUTED (RAJSTHAN & GUJRAT),0,000000000000000003a2
0,0.0,,,17188.1506385,,DISPUTED (RAJSTHAN & GUJRAT),0,000000000000000003a3
0,0.0,,,122207.293665,,DISPUTED (RAJSTHAN & GUJRAT),0,000000000000000003a4
0,0.0,,,164538.670724,,DISPUTED (RAJSTHAN & GUJRAT),0,000000000000000003a5
0,0.0,,,56773.9816204,,DISPUTED (RAJSTHAN & GUJRAT),0,000000000000000003a6
0,0.0,,,148675.344691,,DISPUTED (RAJSTHAN & GUJRAT),0,000000000000000003a7
0,0.0,,,207195.610545,,DISPUTED (RAJSTHAN & GUJRAT),0,000000000000000003a8
0,0.0,,,1274714.3003,,DISPUTED (RAJSTHAN & GUJRAT),0,000000000000000003a9
0,0.0,,,1628434.71816,,DISPUTED (RAJSTHAN & GUJRAT),0,000000000000000003aa
0,0.0,,,4341545.11172,,DISPUTED (RAJSTHAN & GUJRAT),0,000000000000000003ab
0,0.0,,,3402968.71386,,DISPUTED (RAJSTHAN & MADHYA PRADESH),0,000000000000000003ac
0,0.0,,,8037774.82014,,DISPUTED (RAJSTHAN & MADHYA PRADESH),0,000000000000000003ad
0,0.0,,,2919898.2782,,DISPUTED (RAJSTHAN & MADHYA PRADESH),0,000000000000000003ae
0,0.0,,,4170099.50127,,DISPUTED (GUJRAT & MADHYA PRADESH),0,000000000000000003af
0,0.0,,,51965.9887642,,DISPUTED (GUJRAT & MADHYA PRADESH),0,000000000000000003b0
0,0.0,,,690105.424697,,DISPUTED (RAJSTHAN & MADHYA PRADESH),0,000000000000000003b1
0,0.0,,,165406.700181,,DISPUTED (RAJSTHAN & MADHYA PRADESH),0,000000000000000003b2
0,0.0,,,36901.4813155,,DISPUTED (RAJSTHAN & MADHYA PRADESH),0,000000000000000003b3
0,0.0,,,2636589.32479,,DISPUTED (UTTAR PRADESH & MADHYA PRADESH),0,000000000000000003b4
0,0.0,,,2144483.36263,,DISPUTED (GUJRAT & MAHARASHTRA),0,000000000000000003b5
0,0.0,,,1296888.42374,,DISPUTED (GUJRAT & MAHARASHTRA),0,000000000000000003b6
250,438559.905538,MIRPUR,JAMMU AND KASHMIR,3.57890820759E9,NOT AVAILABLE,,1,000000000000000000f7
251,594020.745396,MUZAFFARABAD,JAMMU AND KASHMIR,4.78221682989E9,NOT AVAILABLE,,1,000000000000000000f8
252,404743.70314,PUNCH,JAMMU AND KASHMIR,4.20736294054E9,10,,1,000000000000000000f9
253,357458.948993,ANANTNAG,JAMMU AND KASHMIR,2.7045916464E9,1,,1,000000000000000000fa
254,274647.081292,BARAMULA,JAMMU AND KASHMIR,2.04907403592E9,3,,1,000000000000000000fb
255,312247.410776,KATHUA,JAMMU AND KASHMIR,2.46125298333E9,7,,1,000000000000000000fc
256,288814.289858,UDHAMPUR,JAMMU AND KASHMIR,2.24837362574E9,14,,1,000000000000000000fd
257,197128.416846,BADGAM,JAMMU AND KASHMIR,1.23993827235E9,2,,1,000000000000000000fe
258,420303.218779,BANDIPURA,JAMMU AND KASHMIR,4.02912926764E9,623,,1,000000000000000000ff
259,331742.084161,GANDERBAL,JAMMU AND KASHMIR,1.61075840071E9,626,,1,00000000000000000100
260,254099.489446,KULGAM,JAMMU AND KASHMIR,1.25258861412E9,622,,1,00000000000000000101
261,285264.236715,KUPWARA,JAMMU AND KASHMIR,2.73309887493E9,8,,1,00000000000000000102
262,187781.081236,PULWAMA,JAMMU AND KASHMIR,8.89648679843E8,11,,1,00000000000000000103
263,308772.18363,RAJAURI,JAMMU AND KASHMIR,2.60469518302E9,12,,1,00000000000000000104
264,166556.496024,RAMBAN,JAMMU AND KASHMIR,1.27353671313E9,621,,1,00000000000000000105
265,328241.986919,RIASI,JAMMU AND KASHMIR,1.90955776635E9,627,,1,00000000000000000106
266,163208.517496,SHUPIYAN,JAMMU AND KASHMIR,5.01083824278E8,625,,1,00000000000000000107
267,166004.844838,SRINAGAR,JAMMU AND KASHMIR,2.79773782488E8,13,,1,00000000000000000108
268,569459.854812,KISHTWAR,JAMMU AND KASHMIR,8.08900499273E9,620,,1,00000000000000000109
269,292256.661541,DODA,JAMMU AND KASHMIR,2.37750854692E9,04,,1,0000000000000000010a
270,194152.890961,SAMBA,JAMMU AND KASHMIR,9.13378106563E8,624,,1,0000000000000000010b
271,379215.133327,JAMMU,JAMMU AND KASHMIR,2.37542352341E9,5,,1,0000000000000000010c
238,253303.283596,BIL>SPUR,Himachal Pradesh,1.13984115008E9,30,,2,000000000000000000eb
239,551656.103997,SHIMLA,Himachal Pradesh,5.00702273151E9,33,,2,000000000000000000ec
240,518870.713511,KINNAUR,Himachal Pradesh,6.21929928468E9,34,,2,000000000000000000ed
241,319238.797953,SOLAN,Himachal Pradesh,1.88978734576E9,31,,2,000000000000000000ee
242,349596.851094,SIRMAUR,Himachal Pradesh,2.75532620296E9,32,,2,000000000000000000ef
243,422724.960723,KULLU,Himachal Pradesh,5.37932433397E9,26,,2,000000000000000000f0
244,561018.426293,CHAMBA,Himachal Pradesh,6.41137470761E9,23,,2,000000000000000000f1
245,335860.110422,MANDI,Himachal Pradesh,3.86714039841E9,27,,2,000000000000000000f2
246,571924.231106,K>NGRA,Himachal Pradesh,5.63380636109E9,24,,2,000000000000000000f3
247,188675.93912,HAM|RPUR,Himachal Pradesh,1.09245554865E9,28,,2,000000000000000000f4
248,248875.141617,UNA,Himachal Pradesh,1.50987751889E9,29,,2,000000000000000000f5
249,922255.375396,LAHUL & SPITI,Himachal Pradesh,1.36791509569E10,25,,2,000000000000000000f6
614,385056.483121,FIROZPUR,PUNJAB,2.31405324757E9,31,,3,0000000000000000025c
615,398856.01997,LUDHIANA,PUNJAB,3.59912829144E9,36,,3,0000000000000000025d
616,332146.977723,RUPNAGAR,PUNJAB,1.34256984684E9,42,,3,0000000000000000025e
617,345168.466356,MANSA,PUNJAB,2.11033572667E9,37,,3,0000000000000000025f
618,353904.864147,SRI MUKTSAR SAHIB,PUNJAB,2.57052572214E9,39,,3,00000000000000000260
619,315615.195863,SAS NAGAR (SAHIBZADA AJIT SINGH NAGAR),PUNJAB,1.06534820738E9,608,,3,00000000000000000261
620,455724.597931,JALANDHAR,PUNJAB,2.57878350538E9,34,,3,00000000000000000262
621,246908.587369,PATHANKOT,PUNJAB,9.33021429607E8,662,,3,00000000000000000263
622,232052.269593,FARIDKOT,PUNJAB,1.42377513523E9,29,,3,00000000000000000264
623,305850.123395,MOGA,PUNJAB,2.19488516727E9,38,,3,00000000000000000265
624,432605.848036,HOSHIARPUR,PUNJAB,3.31139243664E9,33,,3,00000000000000000266
625,423493.075969,BATHINDA,PUNJAB,3.28672868583E9,28,,3,00000000000000000267
626,314763.305217,TARN TARAN,PUNJAB,2.36108761376E9,609,,3,00000000000000000268
627,365353.754267,FAZILKA,PUNJAB,2.79883058865E9,651,,3,00000000000000000269
628,638392.494574,PATIALA,PUNJAB,3.22729480075E9,41,,3,0000000000000000026a
629,263509.141549,SHAHID BHAGAT SINGH NAGAR,PUNJAB,1.23429626652E9,40,,3,0000000000000000026b
630,246764.006365,BARNALA,PUNJAB,1.38679290683E9,605,,3,0000000000000000026c
631,329343.615225,GURDASPUR,PUNJAB,2.55262289918E9,32,,3,0000000000000000026d
632,437645.667489,KAPURTHALA,PUNJAB,1.595462047E9,35,,3,0000000000000000026e
633,244335.235364,FATEHGARH SAHIB,PUNJAB,1.12205275054E9,30,,3,0000000000000000026f
634,380102.553442,AMRITSAR,PUNJAB,2.62310571541E9,27,,3,00000000000000000270
635,193402.215269,MALER KOTLA,PUNJAB,6.6446686925E8,737,,3,00000000000000000271
636,459469.138396,SANGRUR,PUNJAB,2.84613229438E9,43,,3,00000000000000000272
844,62113.0761341,CHANDIGARH,CHANDIGARH,1.11867387095E8,055,,4,0000000000000000033e
773,315673.159842,B>GESHWAR,UTTAR>KHAND,2.1730759134E9,46,,5,000000000000000002fa
774,271591.235892,CHAMP>WAT,UTTAR>KHAND,1.71518695297E9,48,,5,000000000000000002fb
776,286769.766106,HARIDW>R,UTTAR>KHAND,2.22089327278E9,50,,5,000000000000000002fc
777,434894.751473,NAINIT>L,UTTAR>KHAND,3.86976967939E9,51,,5,000000000000000002fd
778,414490.254454,PAURI GARHW>L,UTTAR>KHAND,5.13134107878E9,52,,5,000000000000000002fe
779,249893.932643,RUDRAPRAY>G,UTTAR>KHAND,1.9365214561E9,54,,5,000000000000000002ff
780,546162.691053,TEHRI GARHW>L,UTTAR>KHAND,3.80699420248E9,55,,5,00000000000000000300
781,568974.772093,UDHAM SINGH NAGAR,UTTAR>KHAND,2.58799800606E9,56,,5,00000000000000000301
782,522183.067166,CHAMOLI,UTTAR>KHAND,7.61864499275E9,47,,5,00000000000000000302
783,596635.247595,PITHOR>GARH,UTTAR>KHAND,7.03459119861E9,53,,5,00000000000000000303
784,669211.278143,UTTARK>SHI,UTTAR>KHAND,7.79137971695E9,57,,5,00000000000000000304
848,395525.848826,ALMORA,UTTAR>KHAND,3.05443573038E9,45,,5,0000000000000000033f
862,504741.939419,DEHRAD@N,UTTAR>KHAND,3.01891223738E9,49,,5,00000000000000000340
216,379482.601391,AMBALA,HARYANA,1.47378766432E9,70,,6,000000000000000000d5
217,388320.455062,BHIWANI,HARYANA,3.18440361422E9,81,,6,000000000000000000d6
218,255230.107401,CHARKI DADRI,HARYANA,1.33159115814E9,081N001,,6,000000000000000000d7
219,145747.082444,FARIDABAD,HARYANA,7.1728394711E8,88,,6,000000000000000000d8
220,325531.834856,FATEHABAD,HARYANA,2.45347704098E9,78,,6,000000000000000000d9
221,241233.450302,GURUGRAM,HARYANA,1.21763670632E9,86,,6,000000000000000000da
222,425885.309632,HISAR,HARYANA,3.95978564988E9,80,,6,000000000000000000db
223,328272.190561,JHAJJAR,HARYANA,1.84141062351E9,83,,6,000000000000000000dc
224,398516.277798,JIND,HARYANA,2.63177805463E9,77,,6,000000000000000000dd
225,369309.415549,KAITHAL,HARYANA,2.2504139851E9,73,,6,000000000000000000de
226,346879.837871,KARNAL,HARYANA,2.40145900333E9,74,,6,000000000000000000df
227,259933.177332,KURUKSHETRA,HARYANA,1.63515733168E9,72,,6,000000000000000000e0
228,396168.045147,MAHENDRAGARH,HARYANA,1.86990663139E9,84,,6,000000000000000000e1
229,335294.47268,NUH,HARYANA,1.45171207675E9,87,,6,000000000000000000e2
230,235517.067172,PALWAL,HARYANA,1.3190119463E9,89,,6,000000000000000000e3
231,220844.253483,PANCHKULA,HARYANA,8.58678375049E8,69,,6,000000000000000000e4
232,206750.625924,PANIPAT,HARYANA,1.26286779003E9,75,,6,000000000000000000e5
233,296539.588566,REWARI,HARYANA,1.458944487E9,85,,6,000000000000000000e6
234,245463.49585,ROHTAK,HARYANA,1.61622466592E9,82,,6,000000000000000000e7
235,426814.018358,SIRSA,HARYANA,4.14787122031E9,79,,6,000000000000000000e8
236,279223.432471,SONIPAT,HARYANA,2.08919447116E9,76,,6,000000000000000000e9
237,274920.562862,YAMUNANAGAR,HARYANA,1.67441431053E9,71,,6,000000000000000000ea
165,48005.038576,NAZUL,DELHI,2.4118684104E7,95,,7,000000000000000000a2
166,111613.648283,SOUTH WEST,DELHI,2.74177793912E8,97,,7,000000000000000000a3
167,73954.3381902,WEST,DELHI,1.27209041681E8,96,,7,000000000000000000a4
168,72339.2436814,CENTRAL,DELHI,7.90673319876E7,95,,7,000000000000000000a5
169,24536.8306185,EAST,DELHI,3.05107229195E7,093,,7,000000000000000000a6
170,80699.2507093,NEW DELHI,DELHI,1.51623804174E8,94,,7,000000000000000000a7
171,110611.97662,NORTH,DELHI,2.82183219746E8,91,,7,000000000000000000a8
172,33443.7966534,SHAHADARA,DELHI,3.32878442385E7,671,,7,000000000000000000a9
173,47370.0294777,NORTH EAST,DELHI,3.42059048613E7,92,,7,000000000000000000aa
174,59431.1070098,SOUTH EAST,DELHI,9.81305184816E7,670,,7,000000000000000000ab
175,69956.0418455,SOUTH,DELHI,1.54141200689E8,98,,7,000000000000000000ac
176,93419.7274114,NORTH WEST,DELHI,1.49032948371E8,90,,7,000000000000000000ad
637,466360.607871,AJMER,RAJASTHAN,3.90566927647E9,119,,8,00000000000000000273
638,714961.475858,ALWAR,RAJASTHAN,4.60927914743E9,104,,8,00000000000000000274
639,471370.023184,ANOOPGARH,RAJASTHAN,4.38787856583E9,099N001,,8,00000000000000000275
640,587046.783248,BALOTRA,RAJASTHAN,9.11387494815E9,115N001,,8,00000000000000000276
641,438449.679531,BANSWARA,RAJASTHAN,4.33261761015E9,125,,8,00000000000000000277
642,640610.766867,BARAN,RAJASTHAN,6.73160333304E9,128,,8,00000000000000000278
643,867387.920272,BARMER,RAJASTHAN,1.82074875756E10,115,,8,00000000000000000279
644,507621.795402,BEAWAR,RAJASTHAN,4.2955005483E9,131N006,,8,0000000000000000027a
645,468102.295109,BHARATPUR,RAJASTHAN,2.80074659861E9,105,,8,0000000000000000027b
646,802820.112438,BHILWARA,RAJASTHAN,6.4091608896E9,122,,8,0000000000000000027c
647,1203884.77165,BIKANER,RAJASTHAN,2.92482889665E10,101,,8,0000000000000000027d
648,483151.544555,BUNDI,RAJASTHAN,5.560963812E9,121,,8,0000000000000000027e
649,1036781.34618,CHITTAURGARH,RAJASTHAN,7.52681373808E9,126,,8,0000000000000000027f
650,1032430.88744,CHURU,RAJASTHAN,1.34120541276E10,102,,8,00000000000000000280
651,514422.059356,DAUSA,RAJASTHAN,3.30297302981E9,109,,8,00000000000000000281
652,480152.833326,DEEG,RAJASTHAN,2.08935824241E9,105N001,,8,00000000000000000282
653,397801.481324,DHAULPUR,RAJASTHAN,2.92406693341E9,106,,8,00000000000000000283
654,629806.317861,DIDWANA-KUCHAMAN,RAJASTHAN,6.55650944374E9,112N001,,8,00000000000000000284
655,391835.434515,DUDU,RAJASTHAN,1.90606294527E9,110N002,,8,00000000000000000285
656,382143.357133,DUNGARPUR,RAJASTHAN,3.64531398106E9,124,,8,00000000000000000286
657,779609.129484,GANGANAGAR,RAJASTHAN,6.19888591989E9,99,,8,00000000000000000287
658,310376.591867,GANGAPURCITY,RAJASTHAN,2.42043041283E9,131N003,,8,00000000000000000288
659,942041.715172,HANUMANGARH,RAJASTHAN,9.41421612047E9,100,,8,00000000000000000289
660,177213.390048,JAIPUR,RAJASTHAN,4.86333900806E8,110,,8,0000000000000000028a
661,936655.610982,JAIPUR(GRAMIN),RAJASTHAN,7.10765135693E9,110N001,,8,0000000000000000028b
662,1028337.22092,JAISALMER,RAJASTHAN,3.58330649844E10,114,,8,0000000000000000028c
663,572988.627981,JALOR,RAJASTHAN,5.72147919736E9,116,,8,0000000000000000028d
664,754834.181558,JHALAWAR,RAJASTHAN,6.09996377526E9,129,,8,0000000000000000028e
665,515316.368521,JHUNJHUNUN,RAJASTHAN,4.64260954338E9,103,,8,0000000000000000028f
666,96504.1665283,JODHPUR,RAJASTHAN,2.53522661219E8,113,,8,00000000000000000290
667,924418.021759,JODHPUR GRAMIN,RAJASTHAN,1.25004845683E10,113N001,,8,00000000000000000291
668,433199.690592,KARAULI,RAJASTHAN,3.72601182954E9,107,,8,00000000000000000292
669,423790.397698,KEKRI,RAJASTHAN,3.40886535738E9,131N005,,8,00000000000000000293
670,315280.939861,KHAIRTHAL-TIJARA,RAJASTHAN,1.94199701457E9,104N001,,8,00000000000000000294
671,617351.946017,KOTA,RAJASTHAN,4.8867352245E9,127,,8,00000000000000000295
672,530485.608662,KOTPUTLI-BEHROR,RAJASTHAN,2.79347605757E9,131N002,,8,00000000000000000296
673,665973.543824,NAGAUR,RAJASTHAN,1.06078745715E10,112,,8,00000000000000000297
674,484872.833102,NEEM-KA-THANA,RAJASTHAN,2.75760893711E9,131N001,,8,00000000000000000298
675,668819.576014,PALI,RAJASTHAN,9.53062515073E9,118,,8,00000000000000000299
676,851166.311531,PHALODI,RAJASTHAN,1.03300488216E10,131N004,,8,0000000000000000029a
677,466045.527608,PRATAPGARH,RAJASTHAN,4.25148506687E9,131,,8,0000000000000000029b
678,639438.007789,RAJSAMAND,RAJASTHAN,4.31515792081E9,130N002,,8,0000000000000000029c
679,406152.318286,SALUMBAR,RAJASTHAN,2.56763304153E9,130N001,,8,0000000000000000029d
680,545005.579613,SANCHORE,RAJASTHAN,4.51670568802E9,116N001,,8,0000000000000000029e
681,386325.58199,SAWAI MADHOPUR,RAJASTHAN,3.51851537877E9,108,,8,0000000000000000029f
682,438268.16604,SHAHPURA,RAJASTHAN,3.40663633528E9,122N001,,8,000000000000000002a0
683,611878.51842,SIKAR,RAJASTHAN,5.77347620617E9,111,,8,000000000000000002a1
684,454740.447007,SIROHI,RAJASTHAN,4.94055592097E9,117,,8,000000000000000002a2
685,776982.219958,TONK,RAJASTHAN,6.28711211473E9,120,,8,000000000000000002a3
686,963902.178208,UDAIPUR,RAJASTHAN,8.68689922549E9,130,,8,000000000000000002a4
1131,782348.258852,AGRA,UTTAR PRADESH,3.8908181127E9,146,,9,0000000000000000034d
1132,498717.661314,ALIGARH,UTTAR PRADESH,3.58518473019E9,143,,9,0000000000000000034e
1133,377307.595837,AMBEDKAR NAGAR,UTTAR PRADESH,2.23789984066E9,178,,9,0000000000000000034f
1134,396810.794964,AMETHI,UTTAR PRADESH,2.33384087357E9,641,,9,00000000000000000350
1135,365711.342081,AMROHA,UTTAR PRADESH,2.10708876229E9,137,,9,00000000000000000351
1136,279215.510357,AURAIYA,UTTAR PRADESH,1.94474543491E9,162,,9,00000000000000000352
1137,372580.70102,AYODHYA,UTTAR PRADESH,2.58805780726E9,177,,9,00000000000000000353
1138,505138.923268,AZAMGARH,UTTAR PRADESH,4.05503216732E9,191,,9,00000000000000000354
1139,218392.986827,BAGHPAT,UTTAR PRADESH,1.28180038173E9,139,,9,00000000000000000355
1140,573992.001919,BAHRAICH,UTTAR PRADESH,4.74098596046E9,180,,9,00000000000000000356
1141,437713.483094,BALLIA,UTTAR PRADESH,2.87691027019E9,193,,9,00000000000000000357
1142,461650.343501,BALRAMPUR,UTTAR PRADESH,3.22573869622E9,182,,9,00000000000000000358
1144,491113.677858,BARA BANKI,UTTAR PRADESH,3.70834752518E9,176,,9,00000000000000000359
1145,514983.13083,BAREILLY,UTTAR PRADESH,3.98455244973E9,150,,9,0000000000000000035a
1146,375757.243843,BASTI,UTTAR PRADESH,2.6864188337E9,185,,9,0000000000000000035b
1147,271234.394101,BHADOHI,UTTAR PRADESH,9.80755814445E8,198,,9,0000000000000000035c
1148,385948.177973,BIJNOR,UTTAR PRADESH,4.46061014632E9,134,,9,0000000000000000035d
1149,452365.233615,BUDAUN,UTTAR PRADESH,4.11252030196E9,149,,9,0000000000000000035e
1150,434985.728672,BULANDSHAHR,UTTAR PRADESH,3.56193510377E9,142,,9,0000000000000000035f
1151,386223.094363,CHANDAULI,UTTAR PRADESH,2.45028725515E9,196,,9,00000000000000000360
1152,541953.57939,CHITRAKOOT,UTTAR PRADESH,3.12585308872E9,171,,9,00000000000000000361
1153,407429.241737,DEORIA,UTTAR PRADESH,2.421548301E9,190,,9,00000000000000000362
1154,494594.144675,ETAH,UTTAR PRADESH,2.33866509301E9,201,,9,00000000000000000363
1155,329105.355469,ETAWAH,UTTAR PRADESH,2.24110738781E9,161,,9,00000000000000000364
1156,342993.9686,FARRUKHABAD,UTTAR PRADESH,2.10390031482E9,159,,9,00000000000000000365
1157,442025.548495,FATEHPUR,UTTAR PRADESH,4.0212770582E9,172,,9,00000000000000000366
1158,387446.33895,FIROZABAD,UTTAR PRADESH,2.33138253819E9,147,,9,00000000000000000367
1159,340504.633294,GAUTAM BUDDHA NAGAR,UTTAR PRADESH,1.20600405361E9,141,,9,00000000000000000368
1160,211027.849846,GHAZIABAD,UTTAR PRADESH,8.85051733539E8,140,,9,00000000000000000369
1161,413979.049842,GHAZIPUR,UTTAR PRADESH,3.25231402478E9,195,,9,0000000000000000036a
1162,513177.22554,GONDA,UTTAR PRADESH,3.83893696591E9,183,,9,0000000000000000036b
1163,548846.092662,GORAKHPUR,UTTAR PRADESH,3.2083690376E9,188,,9,0000000000000000036c
1164,517505.372437,HAMIRPUR,UTTAR PRADESH,3.75583639791E9,168,,9,0000000000000000036d
1165,248410.197679,HAPUR,UTTAR PRADESH,1.09615486273E9,661,,9,0000000000000000036e
1166,584403.471202,HARDOI,UTTAR PRADESH,5.77247714579E9,155,,9,0000000000000000036f
1167,349333.621158,HATHRAS,UTTAR PRADESH,1.72032099571E9,144,,9,00000000000000000370
1168,494340.82508,JALAUN,UTTAR PRADESH,4.39385403724E9,165,,9,00000000000000000371
1169,539280.109791,JAUNPUR,UTTAR PRADESH,3.88228294845E9,194,,9,00000000000000000372
1170,990910.889734,JHANSI,UTTAR PRADESH,4.83246502397E9,166,,9,00000000000000000373
1171,314714.64291,KANNAUJ,UTTAR PRADESH,2.01992574748E9,160,,9,00000000000000000374
1172,366077.374646,KANPUR DEHAT,UTTAR PRADESH,3.04694757716E9,163,,9,00000000000000000375
1173,461220.336932,KANPUR NAGAR,UTTAR PRADESH,2.89362472719E9,164,,9,00000000000000000376
1174,326313.573851,KASGANJ,UTTAR PRADESH,1.893480674E9,202,,9,00000000000000000377
1175,290743.109584,KAUSHAMBI,UTTAR PRADESH,1.74014802541E9,174,,9,00000000000000000378
1176,693378.672083,KHERI,UTTAR PRADESH,7.43523383247E9,153,,9,00000000000000000379
1177,467734.018391,KUSHINAGAR,UTTAR PRADESH,2.79334226944E9,189,,9,0000000000000000037a
1178,437401.664018,LALITPUR,UTTAR PRADESH,4.8542832908E9,167,,9,0000000000000000037b
1179,370767.28997,LUCKNOW,UTTAR PRADESH,2.43858602372E9,157,,9,0000000000000000037c
1180,569487.665498,MAHOBA,UTTAR PRADESH,3.1363235312E9,169,,9,0000000000000000037d
1181,404429.576854,MAHRAJGANJ,UTTAR PRADESH,2.8398108718E9,187,,9,0000000000000000037e
1182,375741.152864,MAINPURI,UTTAR PRADESH,2.64275516528E9,148,,9,0000000000000000037f
1183,407498.874292,MATHURA,UTTAR PRADESH,3.22549306682E9,145,,9,00000000000000000380
1184,317450.490308,MAU,UTTAR PRADESH,1.67252985646E9,192,,9,00000000000000000381
1185,310708.896881,MEERUT,UTTAR PRADESH,2.48237041967E9,138,,9,00000000000000000382
1186,571985.26247,MIRZAPUR,UTTAR PRADESH,4.24249005023E9,199,,9,00000000000000000383
1187,450265.525797,MORADABAD,UTTAR PRADESH,2.19576581309E9,135,,9,00000000000000000384
1188,339901.444274,MUZAFFARNAGAR,UTTAR PRADESH,2.62134929184E9,133,,9,00000000000000000385
1189,594897.728516,PILIBHIT,UTTAR PRADESH,3.64265705802E9,151,,9,00000000000000000386
1190,537619.587402,PRATAPGARH,UTTAR PRADESH,3.57758861275E9,173,,9,00000000000000000387
1191,606571.946416,PRAYAGRAJ,UTTAR PRADESH,5.24721031858E9,175,,9,00000000000000000388
1192,509106.783701,RAE BARELI,UTTAR PRADESH,3.77083309822E9,158,,9,00000000000000000389
1193,405602.549693,RAMPUR,UTTAR PRADESH,2.29122652982E9,136,,9,0000000000000000038a
1194,373896.78771,SAHARANPUR,UTTAR PRADESH,3.61742744832E9,132,,9,0000000000000000038b
1195,403690.285144,SAMBHAL,UTTAR PRADESH,2.32922455492E9,659,,9,0000000000000000038c
1196,397866.836566,SANT KABIR NAGAR,UTTAR PRADESH,1.5801985014E9,186,,9,0000000000000000038d
1197,700679.938545,SHAHJAHANPUR,UTTAR PRADESH,4.16403207399E9,152,,9,0000000000000000038e
1198,203243.584579,SHAMLI,UTTAR PRADESH,1.26678338145E9,660,,9,0000000000000000038f
1199,302869.57623,SHRAWASTI,UTTAR PRADESH,1.86459652926E9,181,,9,00000000000000000390
1200,421546.911264,SIDDHARTHNAGAR,UTTAR PRADESH,2.79485424953E9,184,,9,00000000000000000391
1201,535780.194462,SITAPUR,UTTAR PRADESH,5.57590950346E9,154,,9,00000000000000000392
1202,572502.879358,SONBHADRA,UTTAR PRADESH,6.62108599626E9,200,,9,00000000000000000393
1203,455694.095124,SULTANPUR,UTTAR PRADESH,2.58471353403E9,179,,9,00000000000000000394
1204,540868.968087,UNNAO,UTTAR PRADESH,4.39111423227E9,156,,9,00000000000000000395
1205,296572.532368,VARANASI,UTTAR PRADESH,1.47658752575E9,197,,9,00000000000000000396
1208,689860.044357,BANDA,UTTAR PRADESH,4.2252977107E9,170,,9,00000000000000000397
93,391150.821676,ARARIA,BIHAR,2.69511869945E9,188,,10,0000000000000000005b
94,189469.993121,ARWAL,BIHAR,6.13457790827E8,611,,10,0000000000000000005c
95,373090.408668,AURANGABAD,BIHAR,3.17930521216E9,189,,10,0000000000000000005d
96,343431.102795,BANKA,BIHAR,2.90970328119E9,190,,10,0000000000000000005e
97,363151.168805,BEGUSARAI,BIHAR,1.85016390245E9,191,,10,0000000000000000005f
98,384885.794527,BHAGALPUR,BIHAR,2.45922352431E9,192,,10,00000000000000000060
99,293506.147007,BHOJPUR,BIHAR,2.28541503517E9,193,,10,00000000000000000061
100,284738.630115,BUXAR,BIHAR,1.63622818537E9,194,,10,00000000000000000062
101,474816.708399,DARBHANGA,BIHAR,2.41830353185E9,195,,10,00000000000000000063
102,619518.071796,GAYA,BIHAR,4.77764260658E9,196,,10,00000000000000000064
103,347901.758656,GOPALGANJ,BIHAR,1.96151604553E9,197,,10,00000000000000000065
104,224464.765772,JAHANABAD,BIHAR,9.01906821177E8,239,,10,00000000000000000066
105,402936.88035,JAMUI,BIHAR,2.98375783393E9,198,,10,00000000000000000067
106,382981.244012,KAIMUR,BIHAR,3.21090284296E9,200,,10,00000000000000000068
107,478598.280051,KATIHAR,BIHAR,2.92725757759E9,201,,10,00000000000000000069
108,295905.850509,KHAGARIA,BIHAR,1.43596057904E9,202,,10,0000000000000000006a
109,431478.699786,KISHANGANJ,BIHAR,1.87267939227E9,203,,10,0000000000000000006b
110,225532.41915,LAKHISARAI,BIHAR,1.17266015856E9,204,,10,0000000000000000006c
111,341604.159328,MADHEPURA,BIHAR,1.7313573005E9,205,,10,0000000000000000006d
112,477769.524492,MADHUBANI,BIHAR,3.37229495505E9,206,,10,0000000000000000006e
113,268460.881122,MUNGER,BIHAR,1.35763571123E9,207,,10,0000000000000000006f
114,428289.817756,MUZAFFARPUR,BIHAR,3.06612647363E9,208,,10,00000000000000000070
115,397099.806636,NALANDA,BIHAR,2.2668282291E9,209,,10,00000000000000000071
116,380327.918954,NAWADA,BIHAR,2.39614020339E9,210,,10,00000000000000000072
117,490607.96893,PASHCHIMI CHAMPARAN,BIHAR,5.04379954002E9,211,,10,00000000000000000073
118,582680.722962,PATNA,BIHAR,3.06453253654E9,230,,10,00000000000000000074
119,480239.355282,PURBI CHAMPARAN,BIHAR,3.82621288407E9,213,,10,00000000000000000075
120,461846.937676,PURNIA,BIHAR,3.09471436375E9,214,,10,00000000000000000076
121,415351.984533,ROHTAS,BIHAR,3.72924470866E9,215,,10,00000000000000000077
122,306589.189272,SAHARSA,BIHAR,1.60564830989E9,216,,10,00000000000000000078
123,470077.481785,SAMASTIPUR,BIHAR,2.57384160359E9,217,,10,00000000000000000079
124,345000.889416,SARAN,BIHAR,2.57908690752E9,218,,10,0000000000000000007a
125,222022.559307,SHEIKHPURA,BIHAR,6.65411554951E8,219,,10,0000000000000000007b
126,169951.393607,SHEOHAR,BIHAR,4.27530465483E8,220,,10,0000000000000000007c
127,381021.619164,SITAMARHI,BIHAR,2.11025859292E9,221,,10,0000000000000000007d
128,311875.238314,SIWAN,BIHAR,2.13593033467E9,222,,10,0000000000000000007e
129,372290.303877,SUPAUL,BIHAR,2.33175193326E9,223,,10,0000000000000000007f
130,264345.515137,VAISHALI,BIHAR,1.94682296277E9,224,,10,00000000000000000080
687,153437.150941,GYALSHING,SIKKIM,7.38590008699E8,242,,11,000000000000000002a5
688,125295.607165,PAKYONG,SIKKIM,4.36791981908E8,741,,11,000000000000000002a6
689,181082.415093,NAMCHI,SIKKIM,8.71975107142E8,243,,11,000000000000000002a7
690,333651.195283,MANGAN,SIKKIM,3.96509744878E9,241,,11,000000000000000002a8
691,132940.221154,GANGTOK,SIKKIM,5.10248967758E8,244,,11,000000000000000002a9
692,103675.180233,SORENG,SIKKIM,3.32202312849E8,742,,11,000000000000000002aa
31,398742.119988,>NJ>W,ARUNACHAL PRADESH,5.81678410346E9,628,,12,0000000000000000001e
32,596049.079871,CH>NGL>NG,ARUNACHAL PRADESH,4.9207082259E9,229,,12,0000000000000000001f
33,595333.070749,DIB>NG VALLEY,ARUNACHAL PRADESH,9.2840904871E9,230,,12,00000000000000000020
34,385206.66565,EAST KAMENG,ARUNACHAL PRADESH,3.47470588676E9,231,,12,00000000000000000021
35,214218.23454,EAST SIANG,ARUNACHAL PRADESH,1.6198998079E9,232,,12,00000000000000000022
36,357523.373266,KURUNG KUMEY,ARUNACHAL PRADESH,4.36103109726E9,233,,12,00000000000000000023
38,401238.767524,LOWER DIB>NG VALLEY,ARUNACHAL PRADESH,3.38399527315E9,235,,12,00000000000000000024
39,409243.611997,PAPUMPARE,ARUNACHAL PRADESH,3.14790773076E9,237,,12,00000000000000000025
40,312428.557102,TAWANG,ARUNACHAL PRADESH,2.37489793638E9,238,,12,00000000000000000026
41,168323.466881,TIR>P,ARUNACHAL PRADESH,9.96264900918E8,239,,12,00000000000000000027
42,483938.41266,UPPER SIANG,ARUNACHAL PRADESH,6.36936104226E9,240,,12,00000000000000000028
43,489703.276996,UPPER SUBANSIRI,ARUNACHAL PRADESH,5.7499970762E9,241,,12,00000000000000000029
44,378522.95244,WEST KAMENG,ARUNACHAL PRADESH,3.72180877316E9,242,,12,0000000000000000002a
45,268939.245504,SHI YOMI,ARUNACHAL PRADESH,2.67577972295E9,725,,12,0000000000000000002b
46,175220.605289,NAMSAI,ARUNACHAL PRADESH,1.29271698817E9,678,,12,0000000000000000002c
47,204175.115494,WEST SIANG,ARUNACHAL PRADESH,1.29361989019E9,243,,12,0000000000000000002d
48,388469.495735,SIANG,ARUNACHAL PRADESH,3.32840632616E9,679,,12,0000000000000000002e
49,180146.780728,LONGDING,ARUNACHAL PRADESH,9.01486958092E8,666,,12,0000000000000000002f
50,294202.827917,PAKKE KESSANG,ARUNACHAL PRADESH,1.81966254845E9,723,,12,00000000000000000030
51,300788.453,LOWER SIANG,ARUNACHAL PRADESH,1.75844456344E9,719,,12,00000000000000000031
52,140016.992421,LEPA RADA,ARUNACHAL PRADESH,7.43135809432E8,724,,12,00000000000000000032
53,268814.520377,BICHOM,ARUNACHAL PRADESH,1.80640177975E9,NOT AVAILABLE,,12,00000000000000000033
54,269220.945613,KRA DAADI,ARUNACHAL PRADESH,2.27015246185E9,677,,12,00000000000000000034
55,226425.404694,KAMLE,ARUNACHAL PRADESH,1.81296701585E9,718,,12,00000000000000000035
56,240051.519032,KEYI PANYOR,ARUNACHAL PRADESH,1.16749960343E9,NOT AVAILABLE,,12,00000000000000000036
57,81171.3268442,LOWER SUBANSIRI,ARUNACHAL PRADESH,2.62234688061E8,236,,12,00000000000000000037
1428,386289.872127,LOHIT,ARUNACHAL PRADESH,2.96161778463E9,234,,12,0000000000000000039b
594,190262.014741,LONGLENG,NAGALAND,5.54853078397E8,NOT AVAILABLE,,13,00000000000000000249
595,194119.400018,TUENSANG,NAGALAND,7.72820861412E8,NOT AVAILABLE,,13,0000000000000000024a
596,154737.396063,SHAMATOR,NAGALAND,4.49914211714E8,NOT AVAILABLE,,13,0000000000000000024b
597,58463.2529719,DIMAPUR,NAGALAND,6.46329783145E7,NOT AVAILABLE,,13,0000000000000000024c
598,216328.032973,CHUMOUKEDIMA,NAGALAND,6.49569404664E8,NOT AVAILABLE,,13,0000000000000000024d
599,69067.622891,NIULAND,NAGALAND,9.9179688383E7,NOT AVAILABLE,,13,0000000000000000024e
600,303055.298653,PEREN,NAGALAND,1.7185373119E9,NOT AVAILABLE,,13,0000000000000000024f
601,196753.479118,KOHIMA,NAGALAND,9.62445574563E8,NOT AVAILABLE,,13,00000000000000000250
602,311474.305073,MON,NAGALAND,2.08800271307E9,NOT AVAILABLE,,13,00000000000000000251
603,206857.976469,KIPHIRE,NAGALAND,9.90083610806E8,NOT AVAILABLE,,13,00000000000000000252
604,340402.290974,PHEK,NAGALAND,1.83678840172E9,NOT AVAILABLE,,13,00000000000000000253
605,301235.073233,MOKOKCHUNG,NAGALAND,1.57227982037E9,NOT AVAILABLE,,13,00000000000000000254
606,330383.306069,ZUNHEBOTO,NAGALAND,1.49225132625E9,NOT AVAILABLE,,13,00000000000000000255
607,252139.545289,WOKHA,NAGALAND,1.53112656228E9,NOT AVAILABLE,,13,00000000000000000256
608,113215.273959,TSEMINYU,NAGALAND,2.79058592442E8,NOT AVAILABLE,,13,00000000000000000257
609,182968.843441,NOKLAK,NAGALAND,8.95917311744E8,NOT AVAILABLE,,13,00000000000000000258
555,248233.307169,BISHNUPUR,MANIPUR,4.52882371912E8,252,,14,00000000000000000223
556,317071.635216,CHANDEL,MANIPUR,2.01461702196E9,253,,14,00000000000000000224
557,380541.94042,CHURACHANDPUR,MANIPUR,2.32633972633E9,254,,14,00000000000000000225
558,303590.385834,IMPHAL EAST,MANIPUR,4.39055941113E8,255,,14,00000000000000000226
559,193579.454721,IMPHAL WEST,MANIPUR,4.23411205631E8,256,,14,00000000000000000227
560,119300.712147,JIRIBAM,MANIPUR,1.48560363339E8,713,,14,00000000000000000228
561,193842.075336,KAKCHING,MANIPUR,2.54651429479E8,711,,14,00000000000000000229
562,315458.119229,KAMJANG,MANIPUR,2.38249228487E9,717,,14,0000000000000000022a
563,551228.911274,KANGPOKPI,MANIPUR,1.38029076907E9,712,,14,0000000000000000022b
564,231629.030025,NONEY,MANIPUR,1.21556387858E9,714,,14,0000000000000000022c
565,345830.904905,PHERZAWL,MANIPUR,2.21058484665E9,715,,14,0000000000000000022d
566,273976.478572,SENAPATI,MANIPUR,1.77155937424E9,257,,14,0000000000000000022e
567,409941.830929,TAMENGLONG,MANIPUR,3.02317401642E9,258,,14,0000000000000000022f
568,271134.825933,TENGNOUPAL,MANIPUR,1.12145519316E9,716,,14,00000000000000000230
569,182733.140067,THOUBAL,MANIPUR,3.26008117945E8,259,,14,00000000000000000231
570,300053.993518,UKHRUL,MANIPUR,1.97297443043E9,260,,14,00000000000000000232
583,390389.216385,CHAMPHAI,MIZORAM,1.66691958045E9,262,,15,0000000000000000023f
585,171082.99873,HNAHTHIAL,MIZORAM,8.17878486834E8,726,,15,00000000000000000240
586,311928.595914,SERCHHIP,MIZORAM,1.39245001045E9,268,,15,00000000000000000241
587,419246.934308,LUNGLEI,MIZORAM,3.54418330217E9,265,,15,00000000000000000242
588,437216.775617,MAMIT,MIZORAM,2.93060163002E9,266,,15,00000000000000000243
589,275664.555433,KOLASIB,MIZORAM,1.43387369649E9,263,,15,00000000000000000244
590,488278.09884,AIZAWL,MIZORAM,2.11980816632E9,261,,15,00000000000000000245
591,277655.419345,SAIHA,MIZORAM,1.47136553416E9,267,,15,00000000000000000246
592,364824.40705,SAITUAL,MIZORAM,1.57878998927E9,727,,15,00000000000000000247
593,511014.074596,LAWNGTLAI,MIZORAM,2.33250525656E9,264,,15,00000000000000000248
1419,223290.302742,KHAWZAWL,MIZORAM,9.78010904144E8,728,,15,0000000000000000039a
764,336489.025424,SOUTH TRIPURA,TRIPURA,1.40704526974E9,271,,16,000000000000000002f2
765,203388.300184,WEST TRIPURA,TRIPURA,9.24793621568E8,272,,16,000000000000000002f3
766,351825.98566,DHALAI,TRIPURA,2.16511715739E9,269,,16,000000000000000002f4
767,218244.72584,KHOWAI,TRIPURA,9.79351956879E8,652,,16,000000000000000002f5
768,192021.492402,UNAKOTI,TRIPURA,6.85891180913E8,655,,16,000000000000000002f6
769,333292.51408,NORTH TRIPURA,TRIPURA,1.2989844308E9,270,,16,000000000000000002f7
770,283867.38839,SEPAHIJALA,TRIPURA,1.00353422213E9,653,,16,000000000000000002f8
771,354084.024744,GOMTI,TRIPURA,1.60260383818E9,654,,16,000000000000000002f9
571,251845.309707,EAST G>RO HILLS,MEGHALAYA,1.51693044174E9,273,,17,00000000000000000233
572,266530.949145,EAST JAINTIA HILLS,MEGHALAYA,1.9369704711E9,657,,17,00000000000000000234
573,349444.33762,EAST KH>SI HILLS,MEGHALAYA,2.70508199404E9,274,,17,00000000000000000235
574,286673.24598,NORTH G>RO HILLS,MEGHALAYA,1.2089152639E9,656,,17,00000000000000000236
575,410516.063846,RI-BHOI,MEGHALAYA,2.28254188943E9,276,,17,00000000000000000237
576,296549.898151,SOUTH G>RO HILLS,MEGHALAYA,1.76620180092E9,277,,17,00000000000000000238
577,146099.002093,SOUTH WEST G>RO HILLS,MEGHALAYA,8.06679682402E8,663,,17,00000000000000000239
578,357049.285832,WEST G>RO HILLS,MEGHALAYA,2.55843263271E9,278,,17,0000000000000000023a
579,307781.801151,WEST JAINTIA HILLS,MEGHALAYA,1.73657682087E9,275,,17,0000000000000000023b
580,258082.161702,SOUTH WEST KH>SI HILLS,MEGHALAYA,1.28101980402E9,658,,17,0000000000000000023c
581,186517.613047,EASTERN WEST KHASI HILLS,MEGHALAYA,1.12371332972E9,740,,17,0000000000000000023d
582,358853.899743,WEST KHASI HILLS,MEGHALAYA,2.65358021424E9,279,,17,0000000000000000023e
58,394043.573897,KOKRAJHAR,ASSAM,2.99349761754E9,294,,18,00000000000000000038
59,286039.836432,CHIRANG,ASSAM,1.84020242542E9,612,,18,00000000000000000039
60,426507.374423,UDALGURI,ASSAM,1.9403882439E9,617,,18,0000000000000000003a
61,398268.018632,BAKSA,ASSAM,1.51072765438E9,616,,18,0000000000000000003b
62,528671.872379,DHUBRI,ASSAM,1.84335222147E9,285,,18,0000000000000000003c
63,372172.995343,DARANG,ASSAM,1.528989296E9,283,,18,0000000000000000003d
64,793475.891691,KARBI ANGLONG,ASSAM,7.05229139556E9,292,,18,0000000000000000003e
65,500017.20404,DIMA HASAO,ASSAM,4.69871278932E9,299,,18,0000000000000000003f
66,433623.978189,CACHAR,ASSAM,3.63813238713E9,282,,18,00000000000000000040
67,252259.731795,KARIMGANJ,ASSAM,1.74495392335E9,293,,18,00000000000000000041
68,262061.019492,HAILAKANDI,ASSAM,1.27807971781E9,289,,18,00000000000000000042
69,431524.779882,WEST KARBI ANGLONG,ASSAM,2.956742398E9,710,,18,00000000000000000043
70,336643.043947,JORHAT,ASSAM,1.79867807555E9,290,,18,00000000000000000044
71,575964.220391,GOLAGHAT,ASSAM,3.09937784754E9,288,,18,00000000000000000045
72,298938.725438,SONITPUR,ASSAM,2.91405591009E9,301,,18,00000000000000000046
73,412497.04197,DHEMAJI,ASSAM,2.42588012972E9,284,,18,00000000000000000047
74,236910.094241,CHARAIDEO,ASSAM,9.77354303781E8,708,,18,00000000000000000048
75,421636.171807,TINSUKIA,ASSAM,3.70369691534E9,302,,18,00000000000000000049
76,362478.118426,LAKHIMPUR,ASSAM,2.8206134593E9,295,,18,0000000000000000004a
77,260624.158476,MAJULI,ASSAM,1.23284635092E9,706,,18,0000000000000000004b
78,280380.294631,SIBSAGAR,ASSAM,1.56982770536E9,300,,18,0000000000000000004c
79,583348.180319,NAGAON,ASSAM,2.47654647681E9,297,,18,0000000000000000004d
80,221788.761144,MARIGAON,ASSAM,1.4566870017E9,296,,18,0000000000000000004e
81,206335.855309,KAMRUP METRO,ASSAM,9.35435249628E8,618,,18,0000000000000000004f
82,233689.429938,NALBARI,ASSAM,1.0130995039E9,298,,18,00000000000000000050
83,329055.597295,GOALPARA,ASSAM,1.84051003266E9,287,,18,00000000000000000051
84,306984.903097,BONGAIGAON,ASSAM,1.09695751284E9,281,,18,00000000000000000052
85,523700.475847,KAMRUP RURAL,ASSAM,3.01158260353E9,291,,18,00000000000000000053
86,441676.033777,DIBRUGARH,ASSAM,3.2766998142E9,NOT AVAILABLE,,18,00000000000000000054
87,246893.388259,HOJAI,ASSAM,1.40661334487E9,NOT AVAILABLE,,18,00000000000000000055
88,203513.182771,TAMULPUR,ASSAM,8.4437951661E8,616,,18,00000000000000000056
89,273202.754577,BISWANATH,ASSAM,2.13963938449E9,705,,18,00000000000000000057
90,351483.543265,BARPETA,ASSAM,1.70870916366E9,NOT AVAILABLE,,18,00000000000000000058
91,183922.277496,BAJALI,ASSAM,4.88713399783E8,NOT AVAILABLE,,18,00000000000000000059
92,172040.845813,SOUTH SALMARA MANCACHAR,ASSAM,3.07436780229E8,707,,18,0000000000000000005a
1394,4.98385402695,GOLAGHAT,ASSAM,0.00236472625569,288,,18,00000000000000000399
785,587544.482604,MURSHID>B>D,WEST BENGAL,5.14448038594E9,333,,19,00000000000000000305
786,541473.08887,SOUTH 24PARGANAS,WEST BENGAL,9.62455669459E9,343,,19,00000000000000000306
787,583969.092044,PURULIYA,WEST BENGAL,6.01642362833E9,340,,19,00000000000000000307
788,556152.805593,PASCHIM MEDIN|PUR,WEST BENGAL,6.03753776388E9,344,,19,00000000000000000308
789,253708.768104,PASCHIM BARDDHAM>N,WEST BENGAL,1.54797568392E9,335N003,,19,00000000000000000309
790,589119.105264,NORTH TWENTY-FOUR PARGANAS,WEST BENGAL,3.84265981026E9,337,,19,0000000000000000030a
794,480273.620513,JHARGRAM,WEST BENGAL,2.98262066988E9,344N004,,19,0000000000000000030e
795,456783.82258,JALP>IGURI,WEST BENGAL,3.30542387381E9,328,,19,0000000000000000030f
796,499841.404019,HUGLI,WEST BENGAL,3.03871614851E9,338,,19,00000000000000000310
798,501616.440863,B>NKURA,WEST BENGAL,6.62136930351E9,339,,19,00000000000000000311
799,346891.10914,>L|PUR DU>R,WEST BENGAL,2.69748969154E9,328N002,,19,00000000000000000312
800,744519.516922,UTTAR DIN>JPUR,WEST BENGAL,3.01695022578E9,330,,19,00000000000000000313
801,399699.235376,PURBA MEDIN|PUR,WEST BENGAL,3.80931032049E9,345,,19,00000000000000000314
802,576152.223341,PURBA BARDDHAM>N,WEST BENGAL,5.19547238794E9,335,,19,00000000000000000315
803,684148.403809,NADIA,WEST BENGAL,3.74262031215E9,336,,19,00000000000000000316
804,483669.890729,M>LDAH,WEST BENGAL,3.46578082195E9,332,,19,00000000000000000317
805,175993.696697,K>LIMPONG,WEST BENGAL,1.05383642112E9,327N001,,19,00000000000000000318
806,256027.658424,H>ORA,WEST BENGAL,1.41276702783E9,341,,19,00000000000000000319
807,341681.464543,D>RJILING,WEST BENGAL,1.97705261385E9,327,,19,0000000000000000031a
808,409035.12939,DAKSHIN DIN>JPUR,WEST BENGAL,2.14923988309E9,331,,19,0000000000000000031b
809,664801.039759,B|RBH@M,WEST BENGAL,4.37427541458E9,334,,19,0000000000000000031c
810,13708.9521308,P@RBA MEDIN|PUR,WEST BENGAL,8311360.07363,345,,19,0000000000000000031d
1211,101278.062786,KOLK>TA,WEST BENGAL,1.99646475317E8,342,,19,00000000000000000398
791,0.97015086618,KOCH BIH>R,WEST BENGAL,0.0307003212368,329,,19,0000000000000000030b
792,10124.144288,KOCH BIH>R,WEST BENGAL,5743987.93096,329,,19,0000000000000000030c
793,861361.237398,KOCH BIH>R,WEST BENGAL,3.22481906925E9,329,,19,0000000000000000030d
812,32291.371408,KOCH BIH>R,WEST BENGAL,1.82989118457E7,329,,19,0000000000000000031e
273,411883.198237,GARHWA,JHARKHAND,3.94366739473E9,346,,20,0000000000000000010e
274,556746.448788,CHATRA,JHARKHAND,3.64982609104E9,347,,20,0000000000000000010f
275,309864.385171,KODERMA,JHARKHAND,1.5782121967E9,348,,20,00000000000000000110
276,469266.217401,GIRIDIH,JHARKHAND,4.77268072908E9,349,,20,00000000000000000111
277,307779.045295,DEOGHAR,JHARKHAND,2.38969579985E9,350,,20,00000000000000000112
278,315993.437336,GODDA,JHARKHAND,2.19618696056E9,351,,20,00000000000000000113
279,313599.783667,SAHIBGANJ,JHARKHAND,2.10179347583E9,352,,20,00000000000000000114
280,342731.829234,PAKUR,JHARKHAND,1.73145152977E9,353,,20,00000000000000000115
281,224325.412702,DHANBAD,JHARKHAND,1.95927642715E9,354,,20,00000000000000000116
282,426028.239896,BOKARO,JHARKHAND,2.76908151035E9,355,,20,00000000000000000117
283,250471.077773,LOHARDAGA,JHARKHAND,1.44188668653E9,356,,20,00000000000000000118
284,422073.522843,EAST SINGHBHUM,JHARKHAND,3.42085955197E9,357,,20,00000000000000000119
285,463286.789047,PALAMU,JHARKHAND,4.24930227329E9,358,,20,0000000000000000011a
286,504835.233383,LATEHAR,JHARKHAND,4.07953984198E9,359,,20,0000000000000000011b
287,646427.07078,HAZARIBAGH,JHARKHAND,4.17400832382E9,360,,20,0000000000000000011c
288,332194.128627,RAMGARH,JHARKHAND,1.34028202146E9,361,,20,0000000000000000011d
289,406167.969626,DUMKA,JHARKHAND,3.61542742749E9,362,,20,0000000000000000011e
290,327376.657275,JAMTARA,JHARKHAND,1.738218051E9,363,,20,0000000000000000011f
291,629060.615543,RANCHI,JHARKHAND,4.80049029855E9,364,,20,00000000000000000120
292,387829.013021,KHUNTI,JHARKHAND,2.53442229579E9,365,,20,00000000000000000121
293,566679.706711,GUMLA,JHARKHAND,5.15511502566E9,366,,20,00000000000000000122
294,402245.472275,SIMDEGA,JHARKHAND,3.63464764673E9,367,,20,00000000000000000123
295,533864.139762,WEST SINGHBHUM,JHARKHAND,6.95052159261E9,368,,20,00000000000000000124
296,364986.256416,SARAIKELA-KHARSAWAN,JHARKHAND,2.55773435004E9,369,,20,00000000000000000125
814,403972.807379,KENDRAPARA,ODISHA,2.44398890172E9,379,,21,00000000000000000320
815,356631.199786,BHADRAK,ODISHA,2.41582801423E9,378,,21,00000000000000000321
816,603877.353095,BARGARH,ODISHA,5.62467439259E9,370,,21,00000000000000000322
817,664391.230171,KEONJHAR (KENDUJHAR),ODISHA,7.99678094998E9,375,,21,00000000000000000323
818,605948.929866,ANUGUL,ODISHA,6.14434188316E9,384,,21,00000000000000000324
819,560766.022679,BALANGIR,ODISHA,6.31835775728E9,393,,21,00000000000000000325
820,558128.636928,BALASORE,ODISHA,3.58623267699E9,377,,21,00000000000000000326
821,407088.676251,DHENKANAL,ODISHA,4.29997717245E9,383,,21,00000000000000000327
822,361986.027272,JHARSUGUDA,ODISHA,2.06646045401E9,371,,21,00000000000000000328
823,778904.112728,MAYURBHANJ,ODISHA,1.00225043332E10,376,,21,00000000000000000329
824,262528.018579,JAGATSINGHPUR,ODISHA,1.67409579875E9,380,,21,0000000000000000032a
825,644946.622146,KANDHAMAL,ODISHA,7.7456787748E9,390,,21,0000000000000000032b
826,623347.492479,CUTTACK,ODISHA,3.72004802263E9,381,,21,0000000000000000032c
827,797877.923122,KORAPUT,ODISHA,8.12593192991E9,398,,21,0000000000000000032d
828,557230.08033,NABARANGAPUR,ODISHA,5.27517554418E9,397,,21,0000000000000000032e
829,488488.405068,PURI,ODISHA,3.35493769823E9,387,,21,0000000000000000032f
830,652473.395952,SAMBALPUR,ODISHA,6.3351096896E9,372,,21,00000000000000000330
831,505984.402819,GAJAPATI,ODISHA,4.00365490499E9,389,,21,00000000000000000331
832,682450.743692,GANJAM,ODISHA,8.11559623561E9,388,,21,00000000000000000332
833,501037.455883,MALKANGIRI,ODISHA,5.62004114024E9,399,,21,00000000000000000333
834,640351.921239,KHORDHA,ODISHA,2.78180624782E9,386,,21,00000000000000000334
835,404642.339121,BOUDH,ODISHA,2.99291321357E9,391,,21,00000000000000000335
836,409810.125747,DEOGARH,ODISHA,2.84743241536E9,373,,21,00000000000000000336
837,419771.819694,NUAPARHA,ODISHA,3.71185491339E9,394,,21,00000000000000000337
838,433131.245033,JAJAPUR,ODISHA,2.79448195024E9,382,,21,00000000000000000338
839,809479.772365,SUNDARGARH,ODISHA,9.35992918949E9,374,,21,00000000000000000339
840,636149.204289,KALAHANDI,ODISHA,7.63272725076E9,395,,21,0000000000000000033a
841,339504.546783,SUBARNAPUR,ODISHA,2.27776643106E9,392,,21,0000000000000000033b
842,787817.766291,RAYAGARHA,ODISHA,7.10217234631E9,396,,21,0000000000000000033c
843,434221.305679,NAYAGARH,ODISHA,3.76328919552E9,385,,21,0000000000000000033d
132,434302.991139,KAWARDHA (KABIRDHAM),CHHATISGARH,4.03790547365E9,382,,22,00000000000000000081
133,269819.93643,GAURELA-PENDRA-MARWAHI,CHHATISGARH,1.91821880483E9,734,,22,00000000000000000082
134,601850.676928,SURAJPUR,CHHATISGARH,5.22123433871E9,648,,22,00000000000000000083
135,665757.372558,BALRAMPUR,CHHATISGARH,6.0516148023E9,649,,22,00000000000000000084
136,435239.289374,MUNGELI,CHHATISGARH,2.67235299702E9,647,,22,00000000000000000085
137,462519.104511,DAKSHIN BASTAR DANTEWARA,CHHATISGARH,2.73723077056E9,376,,22,00000000000000000086
138,690880.373529,BIJAPUR,CHHATISGARH,8.11171884313E9,417,,22,00000000000000000087
139,570000.764851,BASTAR,CHHATISGARH,5.22926869135E9,414,,22,00000000000000000088
140,629317.531695,SUKMA,CHHATISGARH,5.31945668419E9,642,,22,00000000000000000089
141,479097.062665,KONDAGAON,CHHATISGARH,4.90815186068E9,643,,22,0000000000000000008a
142,474142.199773,NARAYANPUR,CHHATISGARH,4.61932814139E9,637,,22,0000000000000000008b
143,645466.929549,UTTAR BASTAR KANKER,CHHATISGARH,6.94450641653E9,413,,22,0000000000000000008c
144,512147.525142,GARIYABAND,CHHATISGARH,4.67547642047E9,645,,22,0000000000000000008d
145,432007.387399,DHAMTARI,CHHATISGARH,3.94316756126E9,412,,22,0000000000000000008e
146,415028.307589,BALOD,CHHATISGARH,3.24954077194E9,646,,22,0000000000000000008f
147,522464.37144,MAHASAMUND,CHHATISGARH,4.5795777274E9,385,,22,00000000000000000090
148,341679.975518,DURG,CHHATISGARH,2.2141126565E9,378,,22,00000000000000000091
149,291574.899423,RAIPUR,CHHATISGARH,2.79875529906E9,387,,22,00000000000000000092
150,421425.910441,BEMETARA,CHHATISGARH,2.75885089533E9,650,,22,00000000000000000093
151,447081.507856,BILASPUR,CHHATISGARH,3.41074793882E9,406,,22,00000000000000000094
152,484704.9238,KORBA,CHHATISGARH,6.34759518058E9,404,,22,00000000000000000095
153,501891.723766,JASHPUR,CHHATISGARH,5.6276599563E9,402,,22,00000000000000000096
154,444523.06377,SURGUJA,CHHATISGARH,3.85429361453E9,401,,22,00000000000000000097
155,318388.69069,KHAIRGARH-CHHUIKHADAN-GANDAI,CHHATISGARH,2.23499901398E9,759,,22,00000000000000000098
156,418651.871348,RAJNANDGAON,CHHATISGARH,3.14299803479E9,388,,22,00000000000000000099
157,357005.773615,MOHLA-MANPUR-AMBAGARH CHOWKI,CHHATISGARH,2.40216730904E9,761,,22,0000000000000000009a
158,273490.479219,JANJGIR - CHAMPA,CHHATISGARH,2.14312413841E9,379,,22,0000000000000000009b
159,270352.864488,SAKTI,CHHATISGARH,1.57529922904E9,762,,22,0000000000000000009c
160,497435.038936,RAIGARH,CHHATISGARH,5.34141992743E9,403,,22,0000000000000000009d
161,380829.312629,KOREA,CHHATISGARH,2.38066150594E9,384,,22,0000000000000000009e
162,552350.134214,MANENDRAGARH-CHIRMIRI-BHARATPUR,CHHATISGARH,3.96819518012E9,760,,22,0000000000000000009f
163,306342.484749,SARANGARH-BILAIGARH,CHHATISGARH,2.11703147363E9,386,,22,000000000000000000a0
164,415790.314332,BALODA BAZAR,CHHATISGARH,3.81869675761E9,644,,22,000000000000000000a1
464,377547.061251,AGAR MALWA,MADHYA PRADESH,2.62795439496E9,436N001,,23,000000000000000001ca
465,489347.234496,ALIRAJPUR,MADHYA PRADESH,3.20594567989E9,465,,23,000000000000000001cb
466,589145.135949,ANUPPUR,MADHYA PRADESH,3.64493498949E9,461,,23,000000000000000001cc
467,451849.915055,ASHOKNAGAR,MADHYA PRADESH,4.56312985965E9,459,,23,000000000000000001cd
468,712863.414061,BALAGHAT,MADHYA PRADESH,8.90027194916E9,457,,23,000000000000000001ce
469,505211.290233,BARWANI,MADHYA PRADESH,5.24146193768E9,441,,23,000000000000000001cf
470,743107.159337,BETUL,MADHYA PRADESH,9.68438454729E9,447,,23,000000000000000001d0
471,618225.343824,BHIND,MADHYA PRADESH,4.30148233164E9,420,,23,000000000000000001d1
472,391616.145902,BHOPAL,MADHYA PRADESH,2.6600080828E9,444,,23,000000000000000001d2
473,333967.065384,BURHANPUR,MADHYA PRADESH,3.11300175297E9,467,,23,000000000000000001d3
474,991809.987924,CHHATARPUR,MADHYA PRADESH,8.36875325641E9,425,,23,000000000000000001d4
475,761677.134108,CHHINDWARA,MADHYA PRADESH,9.46308716858E9,455,,23,000000000000000001d5
476,656295.954153,DAMOH,MADHYA PRADESH,7.03319821931E9,428,,23,000000000000000001d6
478,877787.408466,DEWAS,MADHYA PRADESH,6.7391095206E9,437,,23,000000000000000001d7
479,610387.671806,DHAR,MADHYA PRADESH,7.8438758581E9,438,,23,000000000000000001d8
480,649039.291915,DINDORI,MADHYA PRADESH,5.52959140888E9,453,,23,000000000000000001d9
481,690151.414771,GUNA,MADHYA PRADESH,6.13605304702E9,458,,23,000000000000000001da
482,405385.961838,GWALIOR,MADHYA PRADESH,4.37271866224E9,421,,23,000000000000000001db
483,313219.706342,HARDA,MADHYA PRADESH,3.21041306516E9,448,,23,000000000000000001dc
484,518564.827184,INDORE,MADHYA PRADESH,3.7569741156E9,439,,23,000000000000000001dd
485,600027.730497,JABALPUR,MADHYA PRADESH,4.89841899884E9,451,,23,000000000000000001de
486,346903.907908,JHABUA,MADHYA PRADESH,3.31408783605E9,464,,23,000000000000000001df
487,690512.162576,KATNI,MADHYA PRADESH,4.8753634122E9,450,,23,000000000000000001e0
488,614938.435554,KHANDWA,MADHYA PRADESH,7.19163711831E9,466,,23,000000000000000001e1
489,699006.898413,KHARGONE,MADHYA PRADESH,7.7132453651E9,440,,23,000000000000000001e2
490,545147.66779,MAIHAR,MADHYA PRADESH,2.14937218694E9,768,,23,000000000000000001e3
491,717543.351497,MANDLA,MADHYA PRADESH,7.22443840721E9,454,,23,000000000000000001e4
492,561499.037249,MANDSAUR,MADHYA PRADESH,5.3413724245E9,433,,23,000000000000000001e5
493,373913.935675,MAUGANJ,MADHYA PRADESH,1.81668031858E9,766,,23,000000000000000001e6
494,647600.568251,MORENA,MADHYA PRADESH,4.8206516331E9,419,,23,000000000000000001e7
495,564537.742473,NARMADAPURAM,MADHYA PRADESH,6.44944190221E9,449,,23,000000000000000001e8
496,563436.676141,NARSINGHPUR,MADHYA PRADESH,4.92822080136E9,452,,23,000000000000000001e9
497,648412.37396,NEEMUCH,MADHYA PRADESH,4.12036308512E9,432,,23,000000000000000001ea
498,469399.868336,NIWARI,MADHYA PRADESH,1.2676893152E9,424N001,,23,000000000000000001eb
499,302258.993542,PANDHURNA,MADHYA PRADESH,1.91184956088E9,767,,23,000000000000000001ec
500,890238.588302,PANNA,MADHYA PRADESH,6.81237056853E9,426,,23,000000000000000001ed
501,825105.609401,RAISEN,MADHYA PRADESH,8.15378614981E9,446,,23,000000000000000001ee
502,469645.074563,RAJGARH,MADHYA PRADESH,5.92720105138E9,442,,23,000000000000000001ef
503,563929.103547,RATLAM,MADHYA PRADESH,4.66581511388E9,434,,23,000000000000000001f0
504,614721.417321,REWA,MADHYA PRADESH,4.26246567184E9,430,,23,000000000000000001f1
505,1048155.58492,SAGAR,MADHYA PRADESH,9.84819643304E9,427,,23,000000000000000001f2
506,795075.475847,SATNA,MADHYA PRADESH,5.0847275968E9,429,,23,000000000000000001f3
507,898194.845027,SEHORE,MADHYA PRADESH,6.29798532491E9,445,,23,000000000000000001f4
508,712732.28187,SEONI,MADHYA PRADESH,8.42184716752E9,456,,23,000000000000000001f5
509,623492.228143,SHAHDOL,MADHYA PRADESH,5.44975242239E9,460,,23,000000000000000001f6
510,456996.855163,SHAJAPUR,MADHYA PRADESH,3.32885432515E9,436,,23,000000000000000001f7
511,556752.946188,SHEOPUR,MADHYA PRADESH,6.36254985669E9,418,,23,000000000000000001f8
512,836604.706124,SHIVPURI,MADHYA PRADESH,9.55060140299E9,423,,23,000000000000000001f9
514,514283.770631,SINGRAULI,MADHYA PRADESH,5.53578642191E9,463,,23,000000000000000001fa
515,422950.736778,TIKAMGARH,MADHYA PRADESH,3.58274269243E9,424,,23,000000000000000001fb
516,740273.867797,UJJAIN,MADHYA PRADESH,5.86663711216E9,435,,23,000000000000000001fc
517,481739.959024,UMARIA,MADHYA PRADESH,4.39057666077E9,431,,23,000000000000000001fd
518,715924.270079,VIDISHA,MADHYA PRADESH,7.03165794244E9,443,,23,000000000000000001fe
932,514048.729622,SIDHI,MADHYA PRADESH,4.58262419861E9,462,,23,00000000000000000347
1052,454442.122562,DATIA,MADHYA PRADESH,2.78293767314E9,422,,23,00000000000000000349
1053,11643.2515753,DATIA,MADHYA PRADESH,7143797.28368,422,,23,0000000000000000034a
1054,75477.5845872,DATIA,MADHYA PRADESH,1.07908673414E8,422,,23,0000000000000000034b
1055,21828.541262,DATIA,MADHYA PRADESH,2.049614204E7,422,,23,0000000000000000034c
182,843813.633111,AHMADABAD,GUJARAT,7.04457709424E9,474,,24,000000000000000000b3
183,715627.570977,AMRELI,GUJARAT,7.10359147621E9,480,,24,000000000000000000b4
184,393046.695604,ANAND,GUJARAT,3.05430789348E9,482,,24,000000000000000000b5
185,430999.131189,ARVALLI,GUJARAT,3.04165462229E9,672,,24,000000000000000000b6
186,916373.294098,BANAS KANTHA,GUJARAT,1.03490194106E10,469,,24,000000000000000000b7
187,802579.901076,BHARUCH,GUJARAT,4.74594303526E9,488,,24,000000000000000000b8
188,502798.122581,BHAVNAGAR,GUJARAT,6.4570921117E9,481,,24,000000000000000000b9
189,373841.631502,BOTAD,GUJARAT,2.40526279028E9,676,,24,000000000000000000ba
190,515414.995743,CHHOTAUDEPUR,GUJARAT,3.32671359829E9,668,,24,000000000000000000bb
191,397208.123271,DAHOD,GUJARAT,3.50317592871E9,485,,24,000000000000000000bc
192,267412.238704,DANGS,GUJARAT,1.70342558822E9,489,,24,000000000000000000bd
193,661732.986587,DEVBHUMI DWARKA,GUJARAT,4.00278444782E9,674,,24,000000000000000000be
194,427525.498504,GANDHINAGAR,GUJARAT,2.02199515225E9,473,,24,000000000000000000bf
195,396544.453514,GIR SOMNATH,GUJARAT,2.5495894377E9,675,,24,000000000000000000c0
197,737428.071884,JAMNAGAR,GUJARAT,5.69427068782E9,477,,24,000000000000000000c2
198,650849.605246,JUNAGADH,GUJARAT,5.92242371261E9,479,,24,000000000000000000c3
199,2097006.99663,KACHCHH,GUJARAT,3.91316541644E10,468,,24,000000000000000000c4
200,475413.142182,KHEDA,GUJARAT,3.3104138141E9,483,,24,000000000000000000c5
201,610891.065596,MAHESANA,GUJARAT,4.24851516665E9,471,,24,000000000000000000c6
202,381868.168481,MAHISAGAR,GUJARAT,2.41551625978E9,669,,24,000000000000000000c7
203,539476.291143,MORBI,GUJARAT,4.79128026475E9,673,,24,000000000000000000c8
204,404799.252931,NARMADA,GUJARAT,2.71380539493E9,487,,24,000000000000000000c9
205,327510.170205,NAVSARI,GUJARAT,2.12608421516E9,490,,24,000000000000000000ca
206,461032.236816,PANCH MAHALS,GUJARAT,3.15885319436E9,484,,24,000000000000000000cb
207,734808.498805,PATAN,GUJARAT,5.56245184234E9,470,,24,000000000000000000cc
208,407904.145065,PORBANDAR,GUJARAT,2.2285739872E9,478,,24,000000000000000000cd
209,978248.678283,RAJKOT,GUJARAT,7.47233219706E9,476,,24,000000000000000000ce
210,587358.948969,SABAR KANTHA,GUJARAT,4.06626006052E9,472,,24,000000000000000000cf
211,523086.278179,SURAT,GUJARAT,4.17588823805E9,492,,24,000000000000000000d0
212,944638.877023,SURENDRANAGAR,GUJARAT,8.659106134E9,475,,24,000000000000000000d1
213,582009.387893,TAPI,GUJARAT,3.02621803421E9,493,,24,000000000000000000d2
214,489551.727618,VADODARA,GUJARAT,3.93873437105E9,486,,24,000000000000000000d3
215,503925.528415,VALSAD,GUJARAT,2.84676261596E9,491,,24,000000000000000000d4
196,301152.278181,ISLAND,GUJARAT and DNH & DD ISLANDS,9.87460195908E7,NOT AVAILABLE,,24,000000000000000000c1
179,225234.791718,DADRA AND NAGAR HAVELI,DADRA & NAGAR HAVELI & DAMAN & DIU,4.73306907996E8,496,,26,000000000000000000b0
180,49913.1489169,DAMAN,DADRA & NAGAR HAVELI & DAMAN & DIU,6.8969441186E7,495,,26,000000000000000000b1
181,46434.4273667,DIU,DADRA & NAGAR HAVELI & DAMAN & DIU,3.74967191368E7,494,,26,000000000000000000b2
519,1364395.94097,AHMEDNAGAR,MAHARASHTRA,1.65502192227E10,522,,27,000000000000000001ff
520,926135.185868,BEED,MAHARASHTRA,1.02726299964E10,523,,27,00000000000000000200
521,511021.835482,BHANDARA,MAHARASHTRA,3.99170650155E9,506,,27,00000000000000000201
522,678345.455696,CHANDRAPUR,MAHARASHTRA,1.09760020069E10,509,,27,00000000000000000202
523,615312.934193,DHULE,MAHARASHTRA,6.92896348096E9,498,,27,00000000000000000203
524,920240.894199,GADCHIROLI,MAHARASHTRA,1.4022420718E10,508,,27,00000000000000000204
525,537865.583885,GONDIA,MAHARASHTRA,4.9914955843E9,507,,27,00000000000000000205
526,498581.111436,HINGOLI,MAHARASHTRA,4.55553334749E9,512,,27,00000000000000000206
527,824987.501997,JALGAON,MAHARASHTRA,1.13697813844E10,499,,27,00000000000000000207
528,942882.099134,KOLHAPUR,MAHARASHTRA,7.51229173133E9,530,,27,00000000000000000208
529,561686.297609,LATUR,MAHARASHTRA,6.99991476178E9,524,,27,00000000000000000209
530,61422.977726,MUMBAI,MAHARASHTRA,6.20338591833E7,519,,27,0000000000000000020a
531,650985.878065,NAGPUR,MAHARASHTRA,9.53867231819E9,505,,27,0000000000000000020b
532,1053017.4257,NANDED,MAHARASHTRA,1.01993216605E10,511,,27,0000000000000000020c
533,906156.319341,NASHIK,MAHARASHTRA,1.4996971577E10,516,,27,0000000000000000020d
534,723808.414348,NANDURBAR,MAHARASHTRA,5.73640113674E9,497,,27,0000000000000000020e
535,483090.179305,PALGHAR,MAHARASHTRA,5.07752262768E9,NOT AVAILABLE,,27,0000000000000000020f
536,1018913.49118,PUNE,MAHARASHTRA,1.51823705871E10,521,,27,00000000000000000210
537,712807.604282,RAIGARH,MAHARASHTRA,6.77238090047E9,520,,27,00000000000000000211
538,733803.821237,RATNAGIRI,MAHARASHTRA,8.08175731053E9,528,,27,00000000000000000212
539,947268.376603,SANGLI,MAHARASHTRA,8.3919302549E9,531,,27,00000000000000000213
540,725488.712661,SATARA,MAHARASHTRA,1.01946588591E10,527,,27,00000000000000000214
541,607457.841605,SINDHUDURG,MAHARASHTRA,5.00089103416E9,529,,27,00000000000000000215
542,1282710.40617,SOLAPUR,MAHARASHTRA,1.44497366014E10,526,,27,00000000000000000216
543,118690.855653,MUMBAI SUBURBAN,MAHARASHTRA,4.18051976499E8,518,,27,00000000000000000217
544,438859.059026,THANE,MAHARASHTRA,4.13610017966E9,517,,27,00000000000000000218
545,808467.293842,DHARASHIV,MAHARASHTRA,7.35910760921E9,525,,27,00000000000000000219
546,606014.9951,WASHIM,MAHARASHTRA,4.95541990148E9,502,,27,0000000000000000021a
547,494887.985589,WARDHA,MAHARASHTRA,6.08317272219E9,504,,27,0000000000000000021b
548,934197.562827,YAVATMAL,MAHARASHTRA,1.31232322586E10,510,,27,0000000000000000021c
549,632970.803134,AKOLA,MAHARASHTRA,5.25013947558E9,501,,27,0000000000000000021d
550,952953.695343,AMRAVATI,MAHARASHTRA,1.17581304635E10,503,,27,0000000000000000021e
551,748817.147911,BULDHANA,MAHARASHTRA,9.40129979548E9,500,,27,0000000000000000021f
552,595317.48249,PARBHANI,MAHARASHTRA,6.10520672199E9,513,,27,00000000000000000220
553,686145.910304,JALNA,MAHARASHTRA,7.39169095733E9,514,,27,00000000000000000221
554,847400.53719,CHHATRAPATI SAMBHAJINAGAR,MAHARASHTRA,9.8107216505E9,515,,27,00000000000000000222
1,1188577.97549,ALLURI SITHARAMA RAJU,ANDHRA PRADESH,1.23171734097E10,555N002,,28,00000000000000000000
2,502941.758271,ANAKAPALLI,ANDHRA PRADESH,3.91737334164E9,544N001,,28,00000000000000000001
3,738874.620963,ANANTHAPURAMU,ANDHRA PRADESH,1.00451804677E10,553,,28,00000000000000000002
4,747801.434264,ANNAMAYYA,ANDHRA PRADESH,8.91532874644E9,555N005,,28,00000000000000000003
5,599524.502622,BAPATLA,ANDHRA PRADESH,3.80471327046E9,555N004,,28,00000000000000000004
6,1122830.1652,CHITTOOR,ANDHRA PRADESH,6.66253571121E9,554,,28,00000000000000000005
7,466671.159695,DR.B.R.AMBEDKAR KONASEEMA,ANDHRA PRADESH,2.34026217033E9,545N002,,28,00000000000000000006
8,538117.997981,EAST GODAVARI,ANDHRA PRADESH,2.52692350949E9,545,,28,00000000000000000007
9,840898.086338,ELURU,ANDHRA PRADESH,6.36165026788E9,555N003,,28,00000000000000000008
10,379041.228717,GUNTUR,ANDHRA PRADESH,2.36963599183E9,548,,28,00000000000000000009
11,514413.254009,KAKINADA,ANDHRA PRADESH,2.98762349096E9,545N001,,28,0000000000000000000a
12,550380.481466,KRISHNA,ANDHRA PRADESH,3.7644155924E9,547,,28,0000000000000000000b
13,586061.857001,KURNOOL,ANDHRA PRADESH,7.79061468263E9,552,,28,0000000000000000000c
14,740860.083736,NANDYAL,ANDHRA PRADESH,9.5578842258E9,552N001,,28,0000000000000000000d
15,475063.209921,NTR,ANDHRA PRADESH,3.20925651304E9,547N001,,28,0000000000000000000e
16,664610.161914,PALNADU,ANDHRA PRADESH,7.14163593218E9,548N001,,28,0000000000000000000f
17,693882.485175,PARVATHIPURAM MANYAM,ANDHRA PRADESH,3.51174120518E9,555N001,,28,00000000000000000010
18,809535.512558,PRAKASAM,ANDHRA PRADESH,1.40109521434E10,549,,28,00000000000000000011
19,586860.724584,SRI POTTI SRIRAMULU NELLORE,ANDHRA PRADESH,1.02495830868E10,550,,28,00000000000000000012
20,1008766.62869,SRI SATHYA SAI,ANDHRA PRADESH,8.85367729175E9,553N001,,28,00000000000000000013
21,671820.109715,SRIKAKULAM,ANDHRA PRADESH,4.30560033555E9,542,,28,00000000000000000014
22,792300.074711,TIRUPATI,ANDHRA PRADESH,8.42171489847E9,555N006,,28,00000000000000000015
23,220299.978986,VISAKHAPATNAM,ANDHRA PRADESH,9.68159789546E8,544,,28,00000000000000000016
24,627506.13058,VIZIANAGARAM,ANDHRA PRADESH,3.81403023542E9,543,,28,00000000000000000017
25,291279.94031,WEST GODAVARI,ANDHRA PRADESH,2.18885875923E9,546,,28,00000000000000000018
27,666504.436557,YSR KADAPA,ANDHRA PRADESH,1.00045886942E10,551,,28,0000000000000000001a
26,43610.0483873,YANAM,PUDUCHERRY,3.05423582771E7,634,,28,00000000000000000019
297,663809.400829,B<galkot,Karn<taka,6.42467429774E9,0556,,29,00000000000000000126
298,515852.42072,Bengal#ru (Rural),Karn<taka,2.28673140654E9,0583,,29,00000000000000000127
299,1111840.71402,Belag<vi,Karn<taka,1.31290373659E10,0555,,29,00000000000000000128
301,607706.753534,Chikkamagal#ru,Karn<taka,7.16795077226E9,0570,,29,00000000000000000129
302,578766.455154,Ball<ri,Karn<taka,4.17579486453E9,0565,,29,0000000000000000012a
303,601130.563268,Ch<mar<janagara,Karn<taka,5.66088684685E9,0578,,29,0000000000000000012b
304,680320.747599,Chitradurga,Karn<taka,8.3475501604E9,0566,,29,0000000000000000012c
305,544069.9649,Koppal,Karn<taka,5.47830691691E9,0560,,29,0000000000000000012d
306,639697.794203,Vijayanagara,Karn<taka,5.56529992997E9,0738,,29,0000000000000000012e
307,544827.803924,Raich#r,Karn<taka,8.26591627818E9,0559,,29,0000000000000000012f
308,506702.860309,Chikkaball<pura,Karn<taka,4.21410668662E9,0582,,29,00000000000000000130
309,539778.128134,D<vanagere,Karn<taka,4.43163584576E9,0567,,29,00000000000000000131
310,476117.927768,Dh<rw<d,Karn<taka,4.1854103057E9,0562,,29,00000000000000000132
311,566977.944528,Gadag,Karn<taka,4.57751865967E9,0561,,29,00000000000000000133
312,480540.757691,H<veri,Karn<taka,4.75507772E9,0564,,29,00000000000000000134
313,671997.678745,H<ssan,Karn<taka,6.797610099E9,0574,,29,00000000000000000135
314,894609.85857,Kalaburagi,Karn<taka,1.06781039144E10,0579,,29,00000000000000000136
315,344878.254005,Bengal#ru (Urban),Karn<taka,2.18711071193E9,0572,,29,00000000000000000137
317,505244.031092,Kol<ra,Karn<taka,3.96244450187E9,0581,,29,00000000000000000138
318,574430.199709,Mandya,Karn<taka,4.95057225848E9,0573,,29,00000000000000000139
319,707553.549175,Mys#ru,Karn<taka,6.32145323293E9,0577,,29,0000000000000000013a
320,775091.368779,Shivamogga,Karn<taka,8.3953800458E9,0568,,29,0000000000000000013b
322,493185.463739,Dakshina Kannada,Karn<taka,4.83517362938E9,0575,,29,0000000000000000013c
324,694230.926177,Vijayapura,Karn<taka,1.02445401692E10,0557,,29,0000000000000000013e
325,547727.272021,Y<dgir,Karn<taka,5.15461459909E9,0580,,29,0000000000000000013f
326,487948.195234,R<managara,Karn<taka,3.51510124553E9,0584,,29,00000000000000000140
813,407787.547329,UDUPI,Karn<taka,3.55545708585E9,0569,,29,0000000000000000031f
911,1362.82944157,Tumak#ru,Karn<taka,83437.3337274,0571,,29,00000000000000000341
912,779308.17145,Tumak#ru,Karn<taka,9.18026318359E9,0571,,29,00000000000000000342
913,310048.402349,Tumak#ru,Karn<taka,1.34833600908E9,0571,,29,00000000000000000343
925,1519.26417775,B\dar,Karn<taka,103409.983228,0558,,29,00000000000000000344
926,541407.190273,B\dar,Karn<taka,5.2852125543E9,0558,,29,00000000000000000345
927,10967.666618,B\dar,Karn<taka,6510582.22346,0558,,29,00000000000000000346
1019,477774.534962,Kodagu,Karn<taka,4.10523925905E9,0576,,29,00000000000000000348
327,247.231229124,Udupi,Karn<taka,4277.80371561,0569,,29,00000000000000000141
328,256.515120677,Udupi,Karn<taka,3720.7503133,0569,,29,00000000000000000142
329,202.654183194,Udupi,Karn<taka,3159.64346222,0569,,29,00000000000000000143
330,151.571863533,Udupi,Karn<taka,1614.82195616,0569,,29,00000000000000000144
331,152.523524781,Udupi,Karn<taka,1588.71663007,0569,,29,00000000000000000145
332,406.520724184,Udupi,Karn<taka,9948.42397387,0569,,29,00000000000000000146
333,198.964039364,Udupi,Karn<taka,2578.21271157,0569,,29,00000000000000000147
334,543.827200242,Udupi,Karn<taka,17483.5965095,0569,,29,00000000000000000148
335,566.865567179,Udupi,Karn<taka,13974.7827179,0569,,29,00000000000000000149
336,854.399322792,Udupi,Karn<taka,32712.1220935,0569,,29,0000000000000000014a
337,156.475104983,Udupi,Karn<taka,1644.65220912,0569,,29,0000000000000000014b
338,1754.62829844,Udupi,Karn<taka,92393.5792534,0569,,29,0000000000000000014c
339,293.713428086,Udupi,Karn<taka,3905.8273251,0569,,29,0000000000000000014d
340,105.695290004,Udupi,Karn<taka,844.891440871,0569,,29,0000000000000000014e
341,2537.78242331,Udupi,Karn<taka,135141.675178,0569,,29,0000000000000000014f
342,235.409274807,Udupi,Karn<taka,2976.21522214,0569,,29,00000000000000000150
343,576.178095635,Udupi,Karn<taka,7916.47902521,0569,,29,00000000000000000151
344,89.5161358756,Udupi,Karn<taka,571.631255182,0569,,29,00000000000000000152
345,80.2249007708,Udupi,Karn<taka,421.833264329,0569,,29,00000000000000000153
346,93.7655244683,Udupi,Karn<taka,600.435805248,0569,,29,00000000000000000154
347,336.885238983,Udupi,Karn<taka,3757.75285297,0569,,29,00000000000000000155
348,131.545987277,Udupi,Karn<taka,864.183560974,0569,,29,00000000000000000156
349,609.597168194,Udupi,Karn<taka,14596.4019282,0569,,29,00000000000000000157
350,113.806699676,Udupi,Karn<taka,936.480712646,0569,,29,00000000000000000158
351,2134.90831731,Udupi,Karn<taka,89833.9211289,0569,,29,00000000000000000159
352,379.01149496,Udupi,Karn<taka,9812.55954863,0569,,29,0000000000000000015a
353,93.3600988108,Udupi,Karn<taka,665.887121366,0569,,29,0000000000000000015b
354,142.708889615,Udupi,Karn<taka,1421.74032016,0569,,29,0000000000000000015c
355,142.708889615,Udupi,Karn<taka,1421.74032016,0569,,29,0000000000000000015d
356,262.42648145,Udupi,Karn<taka,3778.7562177,0569,,29,0000000000000000015e
357,425.083444781,Udupi,Karn<taka,7490.3059589,0569,,29,0000000000000000015f
358,180.782304323,Udupi,Karn<taka,1710.41840649,0569,,29,00000000000000000160
359,287.55814741,Udupi,Karn<taka,6038.17219362,0569,,29,00000000000000000161
360,190.613889639,Udupi,Karn<taka,2756.76758265,0569,,29,00000000000000000162
361,127.129461102,Udupi,Karn<taka,974.83146678,0569,,29,00000000000000000163
362,120.935356195,Udupi,Karn<taka,885.590078989,0569,,29,00000000000000000164
363,107.40150472,Udupi,Karn<taka,790.006636067,0569,,29,00000000000000000165
364,136.198872598,Udupi,Karn<taka,1424.78965646,0569,,29,00000000000000000166
365,92.541809463,Udupi,Karn<taka,517.387671393,0569,,29,00000000000000000167
366,130.358622639,Udupi,Karn<taka,1059.15633286,0569,,29,00000000000000000168
367,129.360555641,Udupi,Karn<taka,1276.98251013,0569,,29,00000000000000000169
403,336.417194114,Udupi,Karn<taka,7679.5725067,0569,,29,0000000000000000018d
404,168.938001966,Udupi,Karn<taka,1716.09633031,0569,,29,0000000000000000018e
405,146.405120985,Udupi,Karn<taka,1602.76781127,0569,,29,0000000000000000018f
323,796318.703707,Uttara Kannada,Karn<taka,1.01537179487E10,0563,,29,0000000000000000013d
368,184.180878984,Uttara Kannada,Karn<taka,2547.91877749,0563,,29,0000000000000000016a
369,162.116445193,Uttara Kannada,Karn<taka,1918.55496016,0563,,29,0000000000000000016b
370,89.4963271133,Uttara Kannada,Karn<taka,504.891118239,0563,,29,0000000000000000016c
371,97.3787139417,Uttara Kannada,Karn<taka,670.695211989,0563,,29,0000000000000000016d
372,78.4134275216,Uttara Kannada,Karn<taka,445.977883261,0563,,29,0000000000000000016e
373,157.402433914,Uttara Kannada,Karn<taka,1447.9673152,0563,,29,0000000000000000016f
374,99.522849804,Uttara Kannada,Karn<taka,651.59653005,0563,,29,00000000000000000170
375,247.364228018,Uttara Kannada,Karn<taka,3443.48782547,0563,,29,00000000000000000171
376,148.116910334,Uttara Kannada,Karn<taka,998.170716753,0563,,29,00000000000000000172
377,148.116910334,Uttara Kannada,Karn<taka,998.170716753,0563,,29,00000000000000000173
378,1394.96029355,Uttara Kannada,Karn<taka,124943.411363,0563,,29,00000000000000000174
379,299.766963685,Uttara Kannada,Karn<taka,6816.47023387,0563,,29,00000000000000000175
380,199.287586457,Uttara Kannada,Karn<taka,2841.90802931,0563,,29,00000000000000000176
381,285.312715952,Uttara Kannada,Karn<taka,5588.77767024,0563,,29,00000000000000000177
382,2292.1575919,Uttara Kannada,Karn<taka,302733.3085,0563,,29,00000000000000000178
383,1023.3647137,Uttara Kannada,Karn<taka,36509.3272445,0563,,29,00000000000000000179
384,101.78792437,Uttara Kannada,Karn<taka,581.305080479,0563,,29,0000000000000000017a
385,183.051766876,Uttara Kannada,Karn<taka,2186.99787766,0563,,29,0000000000000000017b
386,616.013816726,Uttara Kannada,Karn<taka,14969.4141517,0563,,29,0000000000000000017c
387,395.504839343,Uttara Kannada,Karn<taka,4099.91500851,0563,,29,0000000000000000017d
388,1934.97046967,Uttara Kannada,Karn<taka,171561.514497,0563,,29,0000000000000000017e
389,550.769515869,Uttara Kannada,Karn<taka,14784.7688745,0563,,29,0000000000000000017f
390,503.658258458,Uttara Kannada,Karn<taka,12967.0477239,0563,,29,00000000000000000180
391,90.4892564242,Uttara Kannada,Karn<taka,628.861175311,0563,,29,00000000000000000181
392,304.833281943,Uttara Kannada,Karn<taka,4475.76995503,0563,,29,00000000000000000182
393,229.231611764,Uttara Kannada,Karn<taka,2848.46194713,0563,,29,00000000000000000183
394,788.782115914,Uttara Kannada,Karn<taka,25594.0766269,0563,,29,00000000000000000184
395,460.075706854,Uttara Kannada,Karn<taka,13426.2481426,0563,,29,00000000000000000185
396,47.5233832519,Uttara Kannada,Karn<taka,174.19202568,0563,,29,00000000000000000186
397,638.852536825,Uttara Kannada,Karn<taka,17858.9110634,0563,,29,00000000000000000187
398,161.833200276,Uttara Kannada,Karn<taka,1998.75755759,0563,,29,00000000000000000188
399,161.833200276,Uttara Kannada,Karn<taka,1998.75755759,0563,,29,00000000000000000189
400,533.259044,Uttara Kannada,Karn<taka,12971.7451044,0563,,29,0000000000000000018a
401,161.299652575,Uttara Kannada,Karn<taka,1860.36826066,0563,,29,0000000000000000018b
402,371.530427134,Uttara Kannada,Karn<taka,8581.62957149,0563,,29,0000000000000000018c
406,155.032275216,Uttara Kannada,Karn<taka,1397.01231455,0563,,29,00000000000000000190
407,100.733343997,Uttara Kannada,Karn<taka,719.991317257,0563,,29,00000000000000000191
408,304.273030335,Uttara Kannada,Karn<taka,6508.27260171,0563,,29,00000000000000000192
409,142.696629189,Uttara Kannada,Karn<taka,1443.84910314,0563,,29,00000000000000000193
410,125.275799193,Uttara Kannada,Karn<taka,1125.65239907,0563,,29,00000000000000000194
411,136.889075981,Uttara Kannada,Karn<taka,1168.38368067,0563,,29,00000000000000000195
177,275534.35282,NORTH GOA,GOA,1.70412020145E9,585,,30,000000000000000000ae
178,335434.148519,SOUTH GOA,GOA,1.93036285437E9,586,,30,000000000000000000af
428,5898.7924772,Lakshadweep,Lakshadweep-UT,1076593.00869,587,,31,000000000000000001a6
429,7743.93578413,Lakshadweep,Lakshadweep-UT,1681901.78568,587,,31,000000000000000001a7
430,18693.6336008,Lakshadweep,Lakshadweep-UT,3207634.32618,587,,31,000000000000000001a8
431,6847.33002776,Lakshadweep,Lakshadweep-UT,2685303.83058,587,,31,000000000000000001a9
432,838.690170601,Lakshadweep,Lakshadweep-UT,35074.1116106,587,,31,000000000000000001aa
433,800.160088489,Lakshadweep,Lakshadweep-UT,27212.9213042,587,,31,000000000000000001ab
434,940.566176559,Lakshadweep,Lakshadweep-UT,37559.0507824,587,,31,000000000000000001ac
435,3473.91619853,Lakshadweep,Lakshadweep-UT,451762.234577,587,,31,000000000000000001ad
436,4286.90188016,Lakshadweep,Lakshadweep-UT,641852.553774,587,,31,000000000000000001ae
437,16163.53845,Lakshadweep,Lakshadweep-UT,2882934.31913,587,,31,000000000000000001af
438,1312.23289349,Lakshadweep,Lakshadweep-UT,83340.0141528,587,,31,000000000000000001b0
439,12146.9898898,Lakshadweep,Lakshadweep-UT,3865224.3291,587,,31,000000000000000001b1
440,10687.1804247,Lakshadweep,Lakshadweep-UT,5013206.16625,587,,31,000000000000000001b2
441,3236.01101313,Lakshadweep,Lakshadweep-UT,333606.07835,587,,31,000000000000000001b3
442,3315.34577117,Lakshadweep,Lakshadweep-UT,302222.859701,587,,31,000000000000000001b4
443,23320.142013,Lakshadweep,Lakshadweep-UT,4850164.21424,587,,31,000000000000000001b5
444,11821.0609442,Lakshadweep,Lakshadweep-UT,2410879.88134,587,,31,000000000000000001b6
445,917.856365546,Lakshadweep,Lakshadweep-UT,39262.2083825,587,,31,000000000000000001b7
446,389.938967011,Lakshadweep,Lakshadweep-UT,10933.1320789,587,,31,000000000000000001b8
447,6742.64781252,Lakshadweep,Lakshadweep-UT,497404.67299,587,,31,000000000000000001b9
448,1523.64385969,Lakshadweep,Lakshadweep-UT,124095.890284,587,,31,000000000000000001ba
449,293.06479889,Lakshadweep,Lakshadweep-UT,6200.93525474,587,,31,000000000000000001bb
450,366.031644448,Lakshadweep,Lakshadweep-UT,8145.64424802,587,,31,000000000000000001bc
451,363.592082155,Lakshadweep,Lakshadweep-UT,8886.42391044,587,,31,000000000000000001bd
452,268.105676306,Lakshadweep,Lakshadweep-UT,4625.56574216,587,,31,000000000000000001be
453,629.835868898,Lakshadweep,Lakshadweep-UT,22961.6016154,587,,31,000000000000000001bf
454,149.509846424,Lakshadweep,Lakshadweep-UT,1655.2718689,587,,31,000000000000000001c0
455,134.612763355,Lakshadweep,Lakshadweep-UT,1161.49854016,587,,31,000000000000000001c1
456,104.745418811,Lakshadweep,Lakshadweep-UT,744.236041049,587,,31,000000000000000001c2
457,111.618895413,Lakshadweep,Lakshadweep-UT,845.199457215,587,,31,000000000000000001c3
458,109.060649216,Lakshadweep,Lakshadweep-UT,786.376944756,587,,31,000000000000000001c4
459,132.956057645,Lakshadweep,Lakshadweep-UT,1161.61643187,587,,31,000000000000000001c5
460,134.933699449,Lakshadweep,Lakshadweep-UT,1157.44069635,587,,31,000000000000000001c6
461,114.700887415,Lakshadweep,Lakshadweep-UT,923.627470061,587,,31,000000000000000001c7
462,2417.14099028,Lakshadweep,Lakshadweep-UT,240254.412262,587,,31,000000000000000001c8
463,1840.60882246,Lakshadweep,Lakshadweep-UT,208863.711682,587,,31,000000000000000001c9
412,552323.130931,Palakkad,KERALA,4.53771950129E9,593,,32,00000000000000000196
413,295137.809029,Alappuzha,KERALA,1.45374549669E9,598,,32,00000000000000000197
414,322325.293837,Kottayam,KERALA,2.25378290254E9,597,,32,00000000000000000198
415,351983.518841,Kollam,KERALA,2.55284625934E9,600,,32,00000000000000000199
416,295787.078156,Kozhikode,KERALA,2.36488418496E9,591,,32,0000000000000000019a
417,344578.893599,Kasaragod,KERALA,1.99299898094E9,588,,32,0000000000000000019b
418,405218.197121,Malappuram,KERALA,3.58915966752E9,592,,32,0000000000000000019c
419,284641.313566,Wayanad,KERALA,2.14247095652E9,590,,32,0000000000000000019d
420,408011.405224,Pathanamthitta,KERALA,2.71677758636E9,599,,32,0000000000000000019e
421,578310.58303,Idukki,KERALA,4.4445960529E9,596,,32,0000000000000000019f
422,395215.090768,Thrissur,KERALA,3.07578843455E9,594,,32,000000000000000001a0
423,414350.047178,Ernakulam,KERALA,3.11507105629E9,595,,32,000000000000000001a1
424,284667.741716,Thiruvananthapuram,KERALA,2.2609826337E9,601,,32,000000000000000001a2
425,317321.68379,Kannur,KERALA,2.98413158284E9,589,,32,000000000000000001a3
693,259098.149103,ARIYALUR,TAMIL NADU,1.95355184695E9,616,,33,000000000000000002ab
694,341199.479847,CHENGALPATTU,TAMIL NADU,2.65953524815E9,633N001,,33,000000000000000002ac
695,164474.909585,CHENNAI,TAMIL NADU,4.27278471657E8,602,,33,000000000000000002ad
696,567689.263686,COIMBATORE,TAMIL NADU,4.77499429477E9,632,,33,000000000000000002ae
697,538000.308108,CUDDALORE,TAMIL NADU,3.72627721597E9,617,,33,000000000000000002af
698,524839.929961,DHARMAPURI,TAMIL NADU,4.50766128283E9,630,,33,000000000000000002b0
699,647345.610177,DINDIGUL,TAMIL NADU,6.14476304509E9,612,,33,000000000000000002b1
700,633188.130893,ERODE,TAMIL NADU,5.79990711733E9,610,,33,000000000000000002b2
701,418687.651029,KALLAKKURICHI,TAMIL NADU,3.31023418621E9,633N004,,33,000000000000000002b3
702,360755.626926,KANCHIPURAM,TAMIL NADU,1.70165303798E9,604,,33,000000000000000002b4
703,250200.09626,KANNIYAKUMARI,TAMIL NADU,1.73565673025E9,629,,33,000000000000000002b5
704,465382.763662,KARUR,TAMIL NADU,2.93783963714E9,613,,33,000000000000000002b6
705,631897.642976,KRISHNAGIRI,TAMIL NADU,5.1271121618E9,631,,33,000000000000000002b7
706,556591.138343,MADURAI,TAMIL NADU,3.77864919405E9,623,,33,000000000000000002b8
707,224191.410574,MAYILADUTHURAI,TAMIL NADU,1.18813292986E9,618,,33,000000000000000002b9
708,329952.716072,NAGAPATTINAM,TAMIL NADU,1.40843098287E9,618,,33,000000000000000002ba
709,421895.925381,NAMAKKAL,TAMIL NADU,3.44714406333E9,609,,33,000000000000000002bb
710,293242.93627,PERAMBALUR,TAMIL NADU,1.77118007056E9,615,,33,000000000000000002bc
711,753349.317324,PUDUKKOTTAI,TAMIL NADU,4.73407592316E9,621,,33,000000000000000002bd
712,761740.785767,RAMANATHAPURAM,TAMIL NADU,4.20603323045E9,626,,33,000000000000000002be
713,364819.857209,RANIPET,TAMIL NADU,1.8441105883E9,633N002,,33,000000000000000002bf
714,695173.739118,SALEM,TAMIL NADU,5.266273212E9,608,,33,000000000000000002c0
715,710495.825272,SIVAGANGA,TAMIL NADU,4.31367367338E9,622,,33,000000000000000002c1
716,378434.986147,TENKASI,TAMIL NADU,2.89844609659E9,633N005,,33,000000000000000002c2
717,672933.645758,THANJAVUR,TAMIL NADU,3.45364108849E9,620,,33,000000000000000002c3
718,342165.184014,THE NILGIRIS,TAMIL NADU,2.56721526139E9,611,,33,000000000000000002c4
719,346738.894996,THENI,TAMIL NADU,2.92346927123E9,624,,33,000000000000000002c5
720,684915.117628,THIRUVALLUR,TAMIL NADU,3.21821156191E9,602,,33,000000000000000002c6
721,477452.234418,THIRUVARUR,TAMIL NADU,2.3051470188E9,619,,33,000000000000000002c7
722,528065.389126,THOOTHUKUDI,TAMIL NADU,4.87381915469E9,627,,33,000000000000000002c8
723,825126.731866,TIRUCHIRAPPALLI,TAMIL NADU,4.54940872002E9,614,,33,000000000000000002c9
724,548381.188339,TIRUNELVELI,TAMIL NADU,3.98892465547E9,628,,33,000000000000000002ca
725,323695.819527,TIRUPATHUR,TAMIL NADU,1.98982715897E9,633N003,,33,000000000000000002cb
726,694086.491942,TIRUPPUR,TAMIL NADU,5.25891500446E9,633,,33,000000000000000002cc
727,714158.48826,TIRUVANNAMALAI,TAMIL NADU,6.19132210321E9,606,,33,000000000000000002cd
728,420263.809911,VELLORE,TAMIL NADU,2.22591105623E9,605,,33,000000000000000002ce
729,640679.865137,VILUPPURAM,TAMIL NADU,3.90670298262E9,607,,33,000000000000000002cf
730,574454.12544,VIRUDHUNAGAR,TAMIL NADU,4.33658086766E9,625,,33,000000000000000002d0
610,127972.230466,KARAIKAL,PUDUCHERRY,1.60538689248E8,637,,34,00000000000000000259
611,27438.1073368,MAHE,PUDUCHERRY,9020243.76747,636,,34,0000000000000000025a
612,353092.642001,PUDUCHERRY,PUDUCHERRY,2.99707105708E8,635,,34,0000000000000000025b
28,949259.695351,NICOBARS,ANDAMAN AND NICOBAR ISLANDS,1.85457765031E9,638,,35,0000000000000000001b
29,2999297.19159,NORTH AND MIDDLE ANDAMAN,ANDAMAN AND NICOBAR ISLANDS,3.43247478549E9,639,,35,0000000000000000001c
30,1732234.84491,SOUTH ANDAMANS,ANDAMAN AND NICOBAR ISLANDS,2.54802291062E9,640,,35,0000000000000000001d
731,386368.268457,ADILABAD,TELANGANA,3.88172023682E9,532,,36,000000000000000002d1
732,615669.934825,BHADRADRI KOTHAGUDEM,TELANGANA,7.00847632528E9,541N001,,36,000000000000000002d2
733,264657.866222,HANUMAKONDA,TELANGANA,1.60429347525E9,542N003,,36,000000000000000002d3
734,97627.1933847,HYDERABAD,TELANGANA,1.86075553427E8,536,,36,000000000000000002d4
735,287497.177909,JAGTIAL,TELANGANA,2.79708029791E9,534N002,,36,000000000000000002d5
736,285784.119924,JANGOAN,TELANGANA,2.06299706593E9,540N001,,36,000000000000000002d6
737,336590.803869,JAYASHANKAR BHUPALPALLI,TELANGANA,2.8517701969E9,542N006,,36,000000000000000002d7
738,275416.221013,JOGULAMBA GADWAL,TELANGANA,2.51976615411E9,538N002,,36,000000000000000002d8
739,471865.245757,KAMAREDDY,TELANGANA,3.63620424987E9,533N001,,36,000000000000000002d9
740,281981.410769,KARIMNAGAR,TELANGANA,2.05816146298E9,534,,36,000000000000000002da
741,619530.759958,KHAMMAM,TELANGANA,4.22211233477E9,541,,36,000000000000000002db
742,451924.387297,KOMARRAM BHEEM,TELANGANA,4.32393326178E9,532N001,,36,000000000000000002dc
743,378648.131652,MAHABUBABAD,TELANGANA,3.51593195371E9,542N004,,36,000000000000000002dd
744,376483.087688,MAHABUBNAGAR,TELANGANA,2.60061451552E9,538,,36,000000000000000002de
745,421664.426604,MANCHERIAL,TELANGANA,3.78449825315E9,532N002,,36,000000000000000002df
746,421839.635876,MEDAK,TELANGANA,2.67867118138E9,535,,36,000000000000000002e0
747,211023.27523,MEDCHAL_MALKAJGIRI,TELANGANA,1.04762513177E9,542N008,,36,000000000000000002e1
748,359976.816584,MULUGU,TELANGANA,4.09870308241E9,542N005,,36,000000000000000002e2
749,534316.290584,NAGARKURNOOL,TELANGANA,6.21950940079E9,538N003,,36,000000000000000002e3
750,471296.957855,NALGONDA,TELANGANA,7.03154278267E9,539,,36,000000000000000002e4
751,348746.41575,NARAYANPET,TELANGANA,2.3105813032E9,538N004,,36,000000000000000002e5
752,459616.395244,NIRMAL,TELANGANA,3.5972285179E9,532N003,,36,000000000000000002e6
753,348997.577485,NIZAMABAD,TELANGANA,4.02413026267E9,533,,36,000000000000000002e7
754,233962.176373,PEDDAPALLI,TELANGANA,2.11122169916E9,534N001,,36,000000000000000002e8
755,236349.842965,RAJANNA SIRCILLA,TELANGANA,1.82533694009E9,542N001,,36,000000000000000002e9
756,541687.605479,RANGA REDDY,TELANGANA,4.88255726174E9,537,,36,000000000000000002ea
757,639411.603562,SANGAREDDY,TELANGANA,4.3144390319E9,535N001,,36,000000000000000002eb
758,367636.100581,SIDDIPET,TELANGANA,3.51256450431E9,542N002,,36,000000000000000002ec
759,343401.170646,SURIYAPET,TELANGANA,3.50435720627E9,539N002,,36,000000000000000002ed
760,420446.638237,VIKARABAD,TELANGANA,3.60199070021E9,542N007,,36,000000000000000002ee
761,320411.253785,WANPARTI,TELANGANA,2.15802943804E9,538N001,,36,000000000000000002ef
762,256287.183787,WARANGAL,TELANGANA,1.70637025905E9,540,,36,000000000000000002f0
763,378260.646179,YADADRI BHUVANAGIRI,TELANGANA,3.33746616227E9,539N001,,36,000000000000000002f1
426,3197190.83659,LEH,LADAKH,1.53926719971E11,9,,37,000000000000000001a4
427,899717.097771,KARGIL,LADAKH,1.4084689859E10,6,,37,000000000000000001a5
